Category,Temperature_C,Is_Package_Open,Spoilage_Days
Vegetables,-3.4,0,13
Meat_Poultry,4.6,0,7
Cooked_Meals,9.6,1,1
Meat_Poultry,24.6,1,1
Hard_Cheese,-0.2,0,32
Liquid_Dairy,-19.0,1,50
Meat_Poultry,-6.7,0,7
Liquid_Dairy,-12.4,1,47
Fruits,-14.4,0,238
Fermented_Dairy,13.1,0,3
Vegetables,-5.9,0,14
Fermented_Dairy,0.2,0,14
Meat_Poultry,-9.4,0,6
Liquid_Dairy,13.9,1,1
Fruits,5.8,0,11
Vegetables,18.7,0,6
Fermented_Dairy,-3.8,1,11
Cooked_Meals,-0.6,0,5
Hard_Cheese,-21.4,0,94
Vegetables,21.6,0,6
Cooked_Meals,23.9,0,1
Vegetables,13.9,0,3
Vegetables,9.9,0,8
Liquid_Dairy,17.3,0,1
Cooked_Meals,-15.3,1,46
Vegetables,14.5,1,2
Vegetables,14.2,1,2
Fruits,-8.9,1,11
Hard_Cheese,7.6,0,19
Fruits,-21.0,0,275
Fruits,-13.7,0,263
Liquid_Dairy,14.0,0,2
Liquid_Dairy,-24.0,1,51
Cooked_Meals,19.5,1,1
Liquid_Dairy,-9.8,0,11
Fermented_Dairy,14.6,1,2
Vegetables,-23.0,0,264
Liquid_Dairy,11.3,0,4
Vegetables,-0.6,0,16
Cooked_Meals,-10.7,0,98
Vegetables,-11.4,0,211
Meat_Poultry,6.4,1,2
Fermented_Dairy,-7.1,1,9
Liquid_Dairy,-12.9,0,103
Liquid_Dairy,5.9,0,8
Vegetables,11.1,0,6
Fruits,-11.9,0,229
Fermented_Dairy,-16.1,0,94
Hard_Cheese,12.9,0,9
Cooked_Meals,-21.2,1,43
Meat_Poultry,2.1,0,7
Liquid_Dairy,10.9,1,1
Hard_Cheese,6.2,1,23
Cooked_Meals,-21.0,0,92
Fruits,13.1,1,3
Meat_Poultry,-2.0,0,6
Liquid_Dairy,-17.4,1,44
Vegetables,20.2,0,6
Meat_Poultry,3.8,1,3
Vegetables,-24.7,0,268
Meat_Poultry,2.1,0,7
Fruits,-25.0,1,120
Liquid_Dairy,22.4,1,1
Fermented_Dairy,9.4,0,7
Fermented_Dairy,-8.6,0,14
Vegetables,-4.8,0,13
Cooked_Meals,13.2,0,1
Cooked_Meals,24.8,0,1
Cooked_Meals,-25.0,0,102
Liquid_Dairy,-3.6,0,11
Liquid_Dairy,0.2,0,9
Fruits,7.9,0,9
Liquid_Dairy,17.4,0,1
Liquid_Dairy,8.1,1,2
Cooked_Meals,6.4,0,3
Meat_Poultry,20.2,1,1
Liquid_Dairy,20.5,1,1
Fermented_Dairy,4.3,0,14
Fruits,11.2,1,4
Meat_Poultry,13.7,0,1
Cooked_Meals,20.4,1,1
Fermented_Dairy,-4.3,1,11
Fermented_Dairy,-8.3,0,13
Hard_Cheese,-3.4,1,31
Liquid_Dairy,22.7,1,1
Vegetables,8.2,0,8
Fermented_Dairy,-6.9,1,11
Liquid_Dairy,-17.3,0,95
Meat_Poultry,-19.0,0,171
Fruits,11.8,1,3
Vegetables,10.4,0,7
Hard_Cheese,4.1,0,32
Fermented_Dairy,-7.4,1,9
Liquid_Dairy,-10.1,1,50
Fruits,-15.7,0,216
Hard_Cheese,-0.9,0,29
Cooked_Meals,5.1,1,1
Cooked_Meals,1.7,0,4
Fermented_Dairy,13.0,0,4
Hard_Cheese,-0.6,0,34
Fermented_Dairy,-4.1,1,9
Cooked_Meals,-17.8,1,43
Liquid_Dairy,3.8,1,3
Liquid_Dairy,16.9,1,1
Liquid_Dairy,-12.3,0,103
Vegetables,-7.7,1,9
Cooked_Meals,-24.0,1,41
Meat_Poultry,-7.1,1,3
Cooked_Meals,12.8,0,1
Vegetables,6.1,0,10
Fermented_Dairy,-9.8,0,13
Hard_Cheese,20.6,1,3
Hard_Cheese,-23.0,1,52
Fruits,16.1,1,3
Fruits,10.5,1,5
Meat_Poultry,23.1,1,1
Vegetables,15.4,0,6
Vegetables,-23.5,1,118
Fruits,14.8,1,2
Fruits,-9.4,0,15
Liquid_Dairy,-3.3,1,3
Cooked_Meals,0.0,0,4
Meat_Poultry,1.0,0,7
Liquid_Dairy,21.8,0,1
Vegetables,4.2,0,15
Fruits,10.8,1,5
Vegetables,21.1,1,3
Vegetables,15.0,1,2
Hard_Cheese,-2.5,1,31
Vegetables,22.9,1,2
Fermented_Dairy,19.8,1,1
Vegetables,-2.1,0,13
Fruits,6.8,1,7
Liquid_Dairy,-6.6,0,9
Vegetables,9.8,0,7
Cooked_Meals,-16.6,0,99
Hard_Cheese,23.6,1,3
Cooked_Meals,-5.3,1,2
Hard_Cheese,14.9,0,5
Meat_Poultry,22.6,0,1
Hard_Cheese,15.7,0,6
Vegetables,-13.9,1,115
Hard_Cheese,-14.5,0,93
Meat_Poultry,5.9,1,2
Vegetables,0.7,0,16
Fruits,24.1,0,5
Hard_Cheese,21.7,1,3
Meat_Poultry,10.1,0,3
Fruits,8.5,0,8
Vegetables,-6.8,1,8
Fruits,1.9,1,10
Liquid_Dairy,-6.6,1,3
Liquid_Dairy,-17.1,1,51
Liquid_Dairy,-4.1,0,11
Meat_Poultry,21.9,1,1
Fermented_Dairy,0.0,1,10
Vegetables,-5.8,1,11
Fermented_Dairy,-4.0,1,10
Fruits,16.0,1,3
Meat_Poultry,-15.6,1,83
Cooked_Meals,-16.2,1,47
Vegetables,11.8,1,4
Fruits,20.0,0,5
Meat_Poultry,-6.4,1,3
Hard_Cheese,10.5,0,15
Vegetables,-1.7,1,10
Hard_Cheese,-2.1,0,30
Fruits,-22.0,0,205
Vegetables,4.0,0,13
Liquid_Dairy,11.2,0,4
Fruits,6.7,0,10
Liquid_Dairy,13.7,0,2
Fruits,-24.2,1,133
Fruits,24.4,0,6
Vegetables,-21.8,0,258
Meat_Poultry,-20.0,0,173
Meat_Poultry,3.1,1,3
Meat_Poultry,-12.0,0,188
Vegetables,16.4,0,5
Hard_Cheese,-24.1,0,92
Cooked_Meals,-15.9,1,47
Fermented_Dairy,7.1,1,8
Fermented_Dairy,9.2,0,9
Fruits,-21.6,0,264
Fruits,-20.3,0,214
Cooked_Meals,-13.9,1,44
Liquid_Dairy,-6.4,1,3
Fruits,-20.5,0,253
Fruits,0.1,1,9
Liquid_Dairy,-4.8,1,3
Cooked_Meals,8.9,0,2
Meat_Poultry,5.6,0,6
Fermented_Dairy,7.8,0,10
Liquid_Dairy,21.5,1,1
Cooked_Meals,-13.7,1,48
Fruits,-9.3,1,8
Cooked_Meals,-6.8,1,2
Meat_Poultry,15.1,0,1
Fermented_Dairy,-11.2,1,48
Fruits,1.2,1,10
Liquid_Dairy,8.8,1,2
Fruits,15.6,1,3
Fruits,5.5,0,11
Liquid_Dairy,-21.9,1,39
Hard_Cheese,-1.1,1,23
Fermented_Dairy,-11.2,1,49
Fermented_Dairy,13.6,1,2
Fruits,-9.2,1,10
Fermented_Dairy,-12.3,0,96
Liquid_Dairy,-0.1,1,3
Fruits,-22.4,1,119
Vegetables,-24.5,1,129
Hard_Cheese,-14.8,1,48
Fruits,16.5,1,3
Vegetables,-1.5,1,10
Fermented_Dairy,12.4,0,5
Meat_Poultry,-23.7,0,201
Cooked_Meals,-23.3,0,78
Meat_Poultry,15.2,1,1
Fruits,-5.6,1,11
Vegetables,6.0,0,13
Meat_Poultry,-24.4,1,97
Vegetables,8.7,0,10
Fruits,22.0,0,5
Meat_Poultry,-3.8,0,8
Fruits,-23.2,1,130
Hard_Cheese,22.2,0,6
Vegetables,1.1,0,13
Cooked_Meals,18.6,0,1
Fruits,9.5,0,7
Cooked_Meals,7.3,0,3
Liquid_Dairy,-13.6,0,93
Hard_Cheese,-8.5,0,34
Fermented_Dairy,7.5,0,10
Fruits,5.0,0,11
Fruits,7.3,0,9
Cooked_Meals,24.9,0,1
Fermented_Dairy,10.4,1,5
Fruits,-16.2,1,135
Hard_Cheese,17.9,1,3
Hard_Cheese,1.1,1,24
Liquid_Dairy,1.1,1,3
Hard_Cheese,-5.7,1,29
Fermented_Dairy,-9.1,1,10
Meat_Poultry,-0.7,1,3
Meat_Poultry,14.2,0,1
Fermented_Dairy,-14.8,1,44
Cooked_Meals,16.3,0,1
Vegetables,21.4,1,3
Vegetables,4.6,1,10
Vegetables,7.1,0,9
Meat_Poultry,-22.6,0,188
Vegetables,20.1,1,3
Liquid_Dairy,-22.7,1,46
Fermented_Dairy,0.8,1,10
Meat_Poultry,8.1,0,5
Vegetables,12.9,1,2
Liquid_Dairy,-4.8,0,11
Fermented_Dairy,7.3,0,10
Fruits,-14.4,0,218
Liquid_Dairy,-13.0,1,46
Liquid_Dairy,-14.1,1,40
Fruits,-15.3,0,219
Cooked_Meals,-19.8,1,45
Liquid_Dairy,-14.1,0,100
Fruits,-11.8,1,108
Hard_Cheese,-0.2,0,34
Fermented_Dairy,-21.8,0,78
Liquid_Dairy,-15.2,1,43
Hard_Cheese,-20.3,1,40
Meat_Poultry,-8.9,1,3
Vegetables,-14.8,0,213
Vegetables,24.2,0,5
Vegetables,22.2,1,3
Fermented_Dairy,4.7,0,13
Meat_Poultry,-1.9,0,7
Fermented_Dairy,-23.0,1,41
Hard_Cheese,6.3,1,20
Vegetables,-0.5,1,9
Cooked_Meals,13.7,1,1
Liquid_Dairy,-20.5,0,78
Vegetables,14.4,1,2
Fruits,-15.2,1,111
Cooked_Meals,-24.0,1,47
Liquid_Dairy,12.0,0,4
Liquid_Dairy,-23.2,0,94
Cooked_Meals,-8.1,0,4
Fermented_Dairy,7.4,1,7
Liquid_Dairy,4.0,1,3
Cooked_Meals,-2.3,0,4
Meat_Poultry,24.5,0,1
Cooked_Meals,21.2,1,1
Fruits,8.3,0,9
Fermented_Dairy,-7.6,0,12
Liquid_Dairy,-18.7,0,82
Fermented_Dairy,9.8,1,6
Cooked_Meals,17.7,1,1
Vegetables,21.5,0,6
Hard_Cheese,21.2,1,3
Cooked_Meals,-12.1,0,81
Hard_Cheese,-6.7,1,31
Fermented_Dairy,19.9,1,1
Fruits,-0.9,0,12
Hard_Cheese,-23.6,0,78
Meat_Poultry,-3.2,0,6
Fermented_Dairy,-0.7,0,13
Cooked_Meals,-8.8,0,4
Hard_Cheese,-22.8,0,93
Hard_Cheese,23.9,0,6
Vegetables,-16.4,0,271
Vegetables,-6.3,0,13
Meat_Poultry,18.6,1,1
Hard_Cheese,13.8,1,5
Cooked_Meals,1.0,1,1
Vegetables,-11.9,0,217
Hard_Cheese,-0.7,1,29
Fermented_Dairy,-3.8,0,15
Fruits,23.9,1,3
Cooked_Meals,-0.9,1,1
Fruits,-20.8,1,105
Cooked_Meals,-21.1,0,98
Vegetables,-18.8,1,129
Liquid_Dairy,24.8,0,1
Vegetables,13.2,0,4
Hard_Cheese,19.9,1,3
Liquid_Dairy,2.5,1,3
Fruits,15.1,0,5
Cooked_Meals,-12.3,1,43
Fermented_Dairy,4.6,1,9
Hard_Cheese,-22.5,1,44
Liquid_Dairy,-4.6,1,3
Fermented_Dairy,-15.5,1,39
Fermented_Dairy,17.2,0,3
Meat_Poultry,18.0,0,1
Hard_Cheese,24.0,1,3
Hard_Cheese,-22.6,0,103
Fermented_Dairy,18.8,0,3
Vegetables,17.7,1,3
Meat_Poultry,-7.1,0,6
Meat_Poultry,-21.8,1,93
Cooked_Meals,-12.7,0,79
Vegetables,23.9,0,5
Cooked_Meals,2.5,0,4
Hard_Cheese,7.1,0,21
Fruits,5.8,1,9
Fruits,13.1,0,4
Meat_Poultry,24.7,1,1
Meat_Poultry,-6.0,1,3
Liquid_Dairy,17.4,1,1
Hard_Cheese,5.3,0,25
Hard_Cheese,19.6,1,3
Liquid_Dairy,5.5,1,3
Cooked_Meals,-9.2,1,2
Cooked_Meals,-18.6,0,78
Fruits,2.5,0,12
Cooked_Meals,9.0,1,1
Fruits,8.1,1,7
Cooked_Meals,22.8,1,1
Fruits,-5.5,0,15
Cooked_Meals,-0.8,1,2
Cooked_Meals,-21.8,1,45
Meat_Poultry,-16.3,1,102
Liquid_Dairy,9.9,0,5
Fruits,-2.1,0,16
Fermented_Dairy,1.6,1,10
Liquid_Dairy,-16.0,1,47
Fermented_Dairy,-4.2,0,15
Cooked_Meals,-12.6,1,40
Liquid_Dairy,20.9,1,1
Fruits,-11.1,0,233
Vegetables,9.9,1,5
Vegetables,5.4,0,11
Hard_Cheese,-22.2,1,44
Vegetables,1.2,1,9
Fermented_Dairy,4.3,1,10
Fruits,-20.4,1,110
Vegetables,22.0,1,3
Fermented_Dairy,-0.7,1,11
Fermented_Dairy,-8.5,1,10
Fermented_Dairy,-11.4,0,83
Fermented_Dairy,-4.2,1,8
Meat_Poultry,-19.5,0,184
Fruits,1.2,1,10
Meat_Poultry,-17.7,1,84
Cooked_Meals,-0.3,0,4
Meat_Poultry,9.4,1,2
Hard_Cheese,24.5,1,3
Cooked_Meals,11.2,1,1
Liquid_Dairy,13.9,1,1
Liquid_Dairy,7.7,0,6
Liquid_Dairy,-11.6,0,95
Liquid_Dairy,-12.1,0,91
Fermented_Dairy,14.1,1,2
Cooked_Meals,-17.6,0,92
Fruits,15.4,0,6
Fruits,14.0,0,2
Liquid_Dairy,-3.3,1,3
Liquid_Dairy,8.7,1,2
Fruits,12.7,0,4
Vegetables,-13.3,0,216
Cooked_Meals,-23.7,0,78
Fruits,-13.8,1,115
Vegetables,-22.7,1,136
Liquid_Dairy,-9.6,0,10
Hard_Cheese,-14.2,0,95
Meat_Poultry,21.5,0,1
Liquid_Dairy,1.8,1,3
Cooked_Meals,-3.3,1,2
Cooked_Meals,8.9,1,1
Fruits,-14.6,0,260
Cooked_Meals,-11.7,1,50
Fermented_Dairy,17.8,1,2
Liquid_Dairy,-14.7,0,83
Fruits,-9.7,1,9
Fruits,24.1,0,6
Meat_Poultry,-13.9,0,157
Fruits,20.6,1,3
Fermented_Dairy,-21.4,0,98
Fermented_Dairy,-24.2,0,103
Vegetables,-3.1,0,15
Meat_Poultry,-8.7,0,6
Cooked_Meals,-15.6,0,87
Meat_Poultry,-9.4,0,8
Liquid_Dairy,-9.6,1,3
Hard_Cheese,20.4,0,5
Fruits,19.7,1,3
Cooked_Meals,18.2,0,1
Cooked_Meals,19.6,0,1
Meat_Poultry,-22.5,1,96
Liquid_Dairy,17.3,1,1
Cooked_Meals,-24.6,0,95
Meat_Poultry,14.0,0,1
Hard_Cheese,-4.8,0,29
Cooked_Meals,13.7,0,1
Liquid_Dairy,8.6,1,2
Cooked_Meals,18.2,1,1
Hard_Cheese,22.9,1,3
Fruits,19.6,0,5
Liquid_Dairy,12.3,0,3
Meat_Poultry,13.7,0,1
Cooked_Meals,18.8,1,1
Liquid_Dairy,2.6,1,3
Liquid_Dairy,-11.8,0,87
Liquid_Dairy,16.5,0,1
Vegetables,-7.4,0,12
Hard_Cheese,24.2,1,3
Fruits,20.6,1,2
Fruits,19.0,0,5
Fruits,18.0,0,5
Meat_Poultry,-0.7,0,8
Fermented_Dairy,21.8,0,3
Vegetables,0.4,1,10
Fermented_Dairy,-10.2,1,40
Liquid_Dairy,4.6,1,3
Fermented_Dairy,10.0,0,7
Hard_Cheese,23.0,0,5
Cooked_Meals,-3.5,1,2
Hard_Cheese,10.0,0,15
Fermented_Dairy,20.7,0,2
Fruits,-1.6,0,15
Vegetables,-20.8,0,274
Fermented_Dairy,4.4,0,13
Fruits,-8.9,0,14
Fermented_Dairy,17.3,1,1
Cooked_Meals,-18.2,1,48
Cooked_Meals,21.6,1,1
Cooked_Meals,-20.6,0,86
Fermented_Dairy,16.6,0,2
Liquid_Dairy,-1.5,1,3
Hard_Cheese,-19.7,1,45
Liquid_Dairy,5.8,1,2
Fruits,-20.1,1,108
Liquid_Dairy,3.7,1,3
Fermented_Dairy,-5.2,1,11
Meat_Poultry,-13.2,1,80
Meat_Poultry,-16.4,0,177
Cooked_Meals,-14.1,1,40
Fermented_Dairy,-10.8,1,48
Liquid_Dairy,-16.1,1,41
Vegetables,-8.2,0,16
Fermented_Dairy,-19.4,0,84
Liquid_Dairy,13.9,1,1
Meat_Poultry,21.9,0,1
Liquid_Dairy,-2.5,0,10
Meat_Poultry,-1.8,1,2
Fruits,-5.7,0,13
Fermented_Dairy,13.8,1,2
Hard_Cheese,-17.4,0,87
Vegetables,-4.0,1,9
Meat_Poultry,-6.2,1,3
Vegetables,-20.2,0,248
Cooked_Meals,5.0,0,4
Meat_Poultry,11.1,0,3
Vegetables,19.3,0,5
Meat_Poultry,-0.9,0,6
Liquid_Dairy,4.0,1,3
Cooked_Meals,1.2,0,4
Fruits,-24.4,1,120
Cooked_Meals,-20.3,1,46
Fruits,21.0,1,3
Liquid_Dairy,14.7,1,1
Cooked_Meals,-23.9,1,49
Vegetables,-2.5,1,8
Vegetables,-5.4,1,9
Meat_Poultry,7.0,1,2
Fermented_Dairy,11.2,1,4
Hard_Cheese,-11.8,1,42
Fruits,-8.6,1,11
Liquid_Dairy,0.7,1,3
Hard_Cheese,22.8,1,3
Liquid_Dairy,0.6,1,3
Vegetables,-7.4,1,9
Fermented_Dairy,4.5,0,13
Cooked_Meals,-1.5,1,2
Cooked_Meals,-0.6,1,1
Vegetables,6.6,0,10
Fruits,-10.7,1,130
Hard_Cheese,-19.9,1,44
Fruits,-12.2,1,104
Hard_Cheese,-13.2,1,48
Vegetables,-1.3,1,11
Meat_Poultry,-8.1,0,7
Meat_Poultry,0.4,0,7
Liquid_Dairy,15.7,0,1
Vegetables,-3.3,0,15
Cooked_Meals,16.5,0,1
Cooked_Meals,20.3,1,1
Meat_Poultry,-10.9,0,203
Cooked_Meals,21.3,0,1
Fruits,-9.9,0,14
Hard_Cheese,-13.8,1,47
Liquid_Dairy,16.3,0,1
Hard_Cheese,8.2,0,18
Vegetables,-13.3,1,116
Hard_Cheese,-13.5,0,79
Meat_Poultry,11.7,0,3
Fruits,-7.4,0,15
Meat_Poultry,-2.7,1,3
Fruits,-22.7,0,218
Hard_Cheese,-22.5,1,50
Hard_Cheese,0.6,0,33
Fruits,14.1,0,3
Meat_Poultry,20.8,1,1
Hard_Cheese,19.0,1,3
Cooked_Meals,0.5,1,2
Hard_Cheese,-11.2,0,94
Fermented_Dairy,-9.3,1,8
Fruits,14.4,1,2
Liquid_Dairy,-16.0,1,42
Fermented_Dairy,-0.1,0,14
Meat_Poultry,5.3,0,6
Fruits,10.3,0,7
Meat_Poultry,8.7,0,5
Hard_Cheese,-12.2,1,42
Fruits,7.9,1,8
Fermented_Dairy,-9.3,0,14
Fermented_Dairy,5.1,0,12
Hard_Cheese,12.1,0,10
Fruits,-16.3,1,120
Hard_Cheese,-21.0,0,98
Liquid_Dairy,-1.2,1,3
Vegetables,-7.1,1,9
Vegetables,-9.6,0,15
Cooked_Meals,-20.3,0,78
Liquid_Dairy,-10.8,1,44
Cooked_Meals,13.4,0,1
Liquid_Dairy,-19.1,1,44
Liquid_Dairy,10.4,1,1
Fruits,-3.5,0,13
Meat_Poultry,7.8,0,4
Hard_Cheese,-15.8,0,86
Meat_Poultry,-16.6,0,167
Fermented_Dairy,-10.4,0,94
Fruits,1.0,1,11
Cooked_Meals,16.7,0,1
Liquid_Dairy,-24.7,0,93
Vegetables,-4.6,1,10
Vegetables,23.8,0,6
Liquid_Dairy,-19.3,1,46
Hard_Cheese,15.9,1,3
Fruits,-12.5,0,208
Hard_Cheese,-13.2,0,101
Fruits,-22.0,0,218
Cooked_Meals,13.3,0,1
Fruits,-6.8,1,10
Meat_Poultry,-13.4,1,85
Vegetables,-16.2,1,133
Meat_Poultry,-6.7,1,2
Liquid_Dairy,24.3,0,1
Cooked_Meals,-3.0,1,2
Hard_Cheese,-22.1,1,48
Meat_Poultry,10.7,0,3
Liquid_Dairy,-5.2,0,10
Vegetables,-24.7,0,214
Fermented_Dairy,9.0,0,9
Fermented_Dairy,4.0,0,13
Vegetables,-10.0,1,105
Fermented_Dairy,21.0,1,1
Fermented_Dairy,-11.2,0,100
Cooked_Meals,-1.3,1,2
Vegetables,23.5,1,3
Vegetables,-24.4,1,120
Fruits,-11.7,0,260
Fermented_Dairy,-9.1,0,12
Hard_Cheese,-6.6,0,28
Fruits,19.2,0,6
Meat_Poultry,-11.7,0,197
Cooked_Meals,8.8,1,1
Liquid_Dairy,6.3,1,3
Cooked_Meals,12.9,1,1
Liquid_Dairy,-3.2,0,9
Fermented_Dairy,-5.0,1,11
Meat_Poultry,-16.3,0,167
Meat_Poultry,1.0,1,3
Fermented_Dairy,19.9,0,2
Fermented_Dairy,-11.5,0,78
Vegetables,7.0,0,11
Liquid_Dairy,24.2,0,1
Fruits,-15.4,0,207
Meat_Poultry,-2.0,1,3
Cooked_Meals,-20.6,1,48
Fruits,9.4,0,8
Meat_Poultry,-17.3,1,86
Liquid_Dairy,-14.8,1,46
Cooked_Meals,14.6,0,1
Liquid_Dairy,16.9,0,1
Meat_Poultry,9.9,1,1
Cooked_Meals,7.1,0,3
Hard_Cheese,-24.8,1,46
Hard_Cheese,24.9,0,6
Meat_Poultry,4.9,0,7
Fermented_Dairy,15.7,0,3
Liquid_Dairy,18.2,1,1
Vegetables,20.5,0,6
Hard_Cheese,-12.0,1,45
Liquid_Dairy,-3.2,0,10
Hard_Cheese,-10.8,1,38
Liquid_Dairy,10.3,1,1
Vegetables,1.5,0,16
Vegetables,9.0,0,8
Liquid_Dairy,-9.1,0,11
Hard_Cheese,12.1,0,11
Vegetables,-21.4,0,226
Liquid_Dairy,21.5,1,1
Fermented_Dairy,-17.3,0,78
Hard_Cheese,-11.2,0,101
Liquid_Dairy,17.3,0,1
Meat_Poultry,12.6,0,2
Meat_Poultry,-7.4,0,7
Fermented_Dairy,-9.7,1,10
Hard_Cheese,13.5,1,6
Vegetables,4.3,0,12
Cooked_Meals,2.2,1,2
Liquid_Dairy,-6.9,0,10
Vegetables,10.3,0,8
Vegetables,10.8,1,4
Fermented_Dairy,10.0,1,5
Fermented_Dairy,4.2,1,10
Fruits,10.9,1,4
Fermented_Dairy,-22.6,0,85
Liquid_Dairy,9.2,1,2
Fruits,3.2,0,15
Fruits,-5.6,0,16
Liquid_Dairy,-13.7,0,97
Meat_Poultry,-14.0,0,162
Vegetables,-13.2,1,107
Liquid_Dairy,20.2,0,1
Fermented_Dairy,14.7,1,2
Fruits,-24.5,1,111
Vegetables,16.1,0,5
Vegetables,10.1,1,5
Cooked_Meals,-15.3,1,42
Cooked_Meals,-21.2,0,95
Fruits,-5.5,1,9
Liquid_Dairy,-4.6,0,11
Fruits,2.3,0,14
Vegetables,-12.3,1,125
Fermented_Dairy,-21.5,0,103
Fermented_Dairy,-10.2,0,98
Liquid_Dairy,-7.3,0,9
Vegetables,16.8,0,5
Hard_Cheese,-22.3,0,83
Hard_Cheese,17.1,1,3
Vegetables,4.6,0,11
Meat_Poultry,-0.6,0,6
Fermented_Dairy,9.5,1,6
Meat_Poultry,13.3,0,2
Vegetables,-6.3,0,16
Hard_Cheese,23.2,1,3
Liquid_Dairy,-1.8,1,3
Fruits,3.8,0,13
Meat_Poultry,-18.2,0,176
Meat_Poultry,-4.4,1,3
Fruits,1.7,0,14
Cooked_Meals,6.1,0,3
Hard_Cheese,22.9,1,3
Hard_Cheese,21.0,1,3
Hard_Cheese,-8.4,1,30
Liquid_Dairy,-9.8,0,11
Liquid_Dairy,5.5,1,3
Fruits,-6.0,0,15
Fruits,-13.0,1,109
Fermented_Dairy,23.4,0,3
Fruits,-15.4,1,118
Fermented_Dairy,8.0,0,8
Hard_Cheese,-10.6,0,96
Cooked_Meals,-12.8,0,91
Fermented_Dairy,20.9,1,2
Hard_Cheese,5.1,1,26
Meat_Poultry,23.9,1,1
Vegetables,8.4,0,10
Fermented_Dairy,6.8,0,12
Hard_Cheese,-1.7,0,31
Meat_Poultry,-17.5,1,84
Meat_Poultry,15.5,0,1
Vegetables,-12.5,0,206
Cooked_Meals,-7.7,0,4
Vegetables,-0.5,0,14
Fruits,1.5,0,16
Hard_Cheese,14.8,1,5
Hard_Cheese,24.5,0,6
Liquid_Dairy,23.1,1,1
Fruits,17.3,0,5
Cooked_Meals,-24.6,0,95
Hard_Cheese,13.6,1,6
Vegetables,-0.7,0,14
Liquid_Dairy,3.8,1,3
Hard_Cheese,10.6,1,14
Vegetables,-2.9,1,10
Fruits,-15.4,0,248
Meat_Poultry,-20.9,0,174
Fruits,15.1,0,6
Cooked_Meals,-1.5,0,4
Meat_Poultry,14.9,0,1
Cooked_Meals,-17.9,0,87
Meat_Poultry,15.1,1,1
Fermented_Dairy,22.3,0,2
Hard_Cheese,-8.6,0,30
Fruits,-13.9,0,273
Vegetables,-21.4,0,213
Meat_Poultry,23.5,0,1
Cooked_Meals,24.4,1,1
Cooked_Meals,-23.6,0,89
Hard_Cheese,8.2,1,19
Fermented_Dairy,-9.8,1,10
Fermented_Dairy,-9.7,1,9
Fruits,-2.0,0,13
Hard_Cheese,-0.8,1,30
Liquid_Dairy,12.5,1,1
Fermented_Dairy,1.8,0,15
Meat_Poultry,-24.5,0,162
Liquid_Dairy,24.3,1,1
Liquid_Dairy,-20.6,0,80
Liquid_Dairy,4.9,1,3
Fruits,14.8,0,3
Liquid_Dairy,23.6,0,1
Cooked_Meals,0.1,0,4
Fermented_Dairy,8.7,0,8
Vegetables,15.6,1,3
Hard_Cheese,-24.6,1,40
Hard_Cheese,-3.0,1,28
Vegetables,4.5,1,9
Hard_Cheese,-21.6,0,94
Fruits,11.0,0,6
Fermented_Dairy,10.2,1,5
Fruits,21.4,1,3
Vegetables,23.1,1,3
Fruits,-14.0,0,239
Fermented_Dairy,-23.2,1,48
Fermented_Dairy,8.3,1,7
Vegetables,1.4,1,10
Hard_Cheese,5.2,0,28
Meat_Poultry,-5.0,1,3
Meat_Poultry,-20.9,0,191
Meat_Poultry,-24.9,1,88
Hard_Cheese,-19.7,1,41
Liquid_Dairy,22.4,1,1
Cooked_Meals,22.8,1,1
Cooked_Meals,-14.8,0,81
Meat_Poultry,-11.2,0,197
Fruits,3.5,0,15
Fermented_Dairy,14.1,1,2
Meat_Poultry,15.3,0,1
Fermented_Dairy,-5.1,0,16
Liquid_Dairy,7.0,1,2
Hard_Cheese,25.0,0,7
Vegetables,6.7,0,10
Liquid_Dairy,17.7,1,1
Hard_Cheese,-4.6,1,28
Cooked_Meals,4.7,0,4
Fruits,12.9,0,4
Meat_Poultry,12.5,0,2
Hard_Cheese,6.7,0,25
Vegetables,-12.9,1,104
Fermented_Dairy,20.9,1,2
Fruits,-20.0,0,228
Vegetables,7.5,1,7
Meat_Poultry,13.5,1,1
Vegetables,3.6,0,13
Hard_Cheese,1.1,1,27
Meat_Poultry,-10.5,1,78
Meat_Poultry,-10.8,1,84
Vegetables,-13.7,1,132
Cooked_Meals,-6.7,1,2
Vegetables,-10.9,0,211
Fermented_Dairy,-15.8,0,93
Cooked_Meals,18.1,1,1
Vegetables,-22.8,0,273
Liquid_Dairy,17.4,0,1
Cooked_Meals,-15.5,1,43
Vegetables,-15.7,0,268
Vegetables,21.8,1,3
Fermented_Dairy,-15.7,1,42
Liquid_Dairy,-19.2,0,79
Cooked_Meals,-1.3,0,4
Liquid_Dairy,0.6,0,9
Fruits,20.8,0,5
Vegetables,-10.8,1,102
Hard_Cheese,2.3,1,28
Fruits,-22.4,1,103
Vegetables,20.6,1,3
Cooked_Meals,10.1,1,1
Cooked_Meals,10.4,0,2
Meat_Poultry,-0.5,0,8
Hard_Cheese,-2.9,0,27
Vegetables,18.8,1,3
Meat_Poultry,23.7,1,1
Cooked_Meals,-11.9,0,97
Vegetables,-10.7,0,224
Vegetables,-3.6,1,10
Vegetables,18.7,1,3
Hard_Cheese,-13.2,0,82
Meat_Poultry,-5.2,1,3
Vegetables,21.0,0,6
Liquid_Dairy,-3.7,1,3
Liquid_Dairy,-23.2,0,93
Hard_Cheese,0.1,0,27
Meat_Poultry,-18.6,1,103
Cooked_Meals,14.1,0,1
Hard_Cheese,-8.6,0,30
Fermented_Dairy,10.0,0,6
Fermented_Dairy,-17.5,0,102
Fruits,0.5,1,9
Fermented_Dairy,13.3,0,4
Meat_Poultry,-14.8,1,87
Fruits,-7.2,1,11
Liquid_Dairy,-18.9,0,95
Fermented_Dairy,-2.1,0,14
Cooked_Meals,-20.1,0,101
Meat_Poultry,-24.3,1,85
Fermented_Dairy,20.3,1,2
Hard_Cheese,24.0,0,5
Cooked_Meals,23.6,1,1
Fermented_Dairy,-5.0,1,9
Liquid_Dairy,-7.5,0,11
Liquid_Dairy,2.0,1,3
Liquid_Dairy,-4.8,0,10
Vegetables,4.7,0,13
Hard_Cheese,-22.7,0,98
Liquid_Dairy,4.2,1,3
Vegetables,-0.2,1,10
Hard_Cheese,-12.8,1,50
Cooked_Meals,6.3,0,3
Hard_Cheese,-12.1,1,45
Cooked_Meals,-18.7,1,44
Fruits,-5.4,1,10
Hard_Cheese,6.7,0,24
Meat_Poultry,16.5,1,1
Vegetables,-13.2,0,242
Fermented_Dairy,-13.5,0,101
Hard_Cheese,-18.6,1,51
Vegetables,13.6,0,3
Hard_Cheese,22.9,0,5
Liquid_Dairy,8.8,0,6
Meat_Poultry,17.9,1,1
Fruits,-7.5,1,11
Hard_Cheese,13.2,0,8
Meat_Poultry,-22.8,0,186
Liquid_Dairy,11.7,1,1
Meat_Poultry,6.5,0,6
Vegetables,20.1,1,3
Fermented_Dairy,-15.9,1,42
Liquid_Dairy,-1.4,0,9
Cooked_Meals,-11.4,0,88
Meat_Poultry,23.2,1,1
Fermented_Dairy,20.7,1,2
Liquid_Dairy,-8.7,1,3
Liquid_Dairy,-21.0,0,95
Fermented_Dairy,11.5,1,3
Cooked_Meals,19.7,1,1
Liquid_Dairy,0.8,1,3
Liquid_Dairy,-12.1,1,41
Vegetables,2.9,0,16
Liquid_Dairy,-16.0,1,44
Fruits,23.9,1,3
Hard_Cheese,-18.1,1,51
Vegetables,-15.7,1,113
Cooked_Meals,-15.0,0,100
Fruits,23.8,0,5
Hard_Cheese,16.9,0,6
Fermented_Dairy,20.1,1,2
Liquid_Dairy,-19.8,1,44
Meat_Poultry,-15.8,0,165
Hard_Cheese,11.6,0,11
Vegetables,-4.2,1,9
Fermented_Dairy,-16.8,1,40
Meat_Poultry,18.1,0,1
Fruits,-17.1,1,118
Fruits,19.4,1,3
Cooked_Meals,-20.7,1,41
Fermented_Dairy,11.8,1,4
Cooked_Meals,5.7,1,2
Vegetables,10.5,1,5
Meat_Poultry,21.5,0,1
Liquid_Dairy,14.4,0,2
Meat_Poultry,8.7,1,2
Vegetables,-10.9,1,113
Liquid_Dairy,-9.8,0,11
Meat_Poultry,20.1,1,1
Liquid_Dairy,-8.1,1,3
Fermented_Dairy,0.7,1,10
Meat_Poultry,14.6,0,2
Cooked_Meals,-14.0,1,48
Hard_Cheese,23.3,0,5
Fruits,10.8,1,5
Meat_Poultry,18.9,1,1
Vegetables,-14.4,0,216
Cooked_Meals,18.1,0,1
Vegetables,11.2,1,4
Liquid_Dairy,-7.2,0,11
Fermented_Dairy,-23.8,0,100
Meat_Poultry,11.3,0,3
Liquid_Dairy,-20.3,1,38
Fermented_Dairy,-24.7,1,38
Fermented_Dairy,7.3,0,9
Vegetables,13.8,0,3
Hard_Cheese,21.5,0,5
Meat_Poultry,-12.0,1,101
Vegetables,5.7,0,11
Fruits,-20.0,0,246
Liquid_Dairy,-23.7,0,100
Meat_Poultry,9.3,1,1
Fermented_Dairy,-6.5,0,14
Meat_Poultry,-2.3,1,3
Meat_Poultry,-22.4,1,99
Hard_Cheese,-19.7,0,93
Hard_Cheese,-11.5,1,39
Cooked_Meals,-2.6,1,1
Cooked_Meals,20.7,0,1
Hard_Cheese,19.7,1,3
Liquid_Dairy,-18.4,1,51
Meat_Poultry,-10.7,1,94
Cooked_Meals,4.2,1,2
Meat_Poultry,-17.8,1,98
Meat_Poultry,-17.8,1,84
Fermented_Dairy,12.6,0,4
Fruits,1.8,0,12
Vegetables,24.1,1,3
Liquid_Dairy,-4.8,0,11
Meat_Poultry,-11.4,1,84
Fruits,-19.0,0,205
Cooked_Meals,22.9,1,1
Hard_Cheese,-1.2,0,28
Hard_Cheese,21.0,0,6
Liquid_Dairy,18.2,0,1
Meat_Poultry,-7.1,1,3
Vegetables,-0.0,1,9
Cooked_Meals,-20.4,1,49
Vegetables,5.6,0,13
Liquid_Dairy,-9.1,1,3
Fruits,-5.3,1,9
Fruits,-20.1,0,245
Fruits,-11.1,1,110
Liquid_Dairy,16.3,0,1
Fruits,-22.1,1,131
Fermented_Dairy,11.1,1,4
Cooked_Meals,19.1,1,1
Fermented_Dairy,-13.3,0,102
Hard_Cheese,-4.7,1,27
Liquid_Dairy,13.5,0,2
Hard_Cheese,8.2,1,19
Fermented_Dairy,-4.4,1,11
Vegetables,-0.5,1,9
Fruits,24.1,1,3
Cooked_Meals,-4.6,1,1
Vegetables,-0.7,0,16
Fermented_Dairy,-19.7,0,85
Vegetables,-20.8,1,119
Vegetables,-15.8,1,116
Fruits,0.4,0,15
Fermented_Dairy,-4.3,0,15
Fermented_Dairy,11.2,1,4
Fruits,19.6,1,3
Cooked_Meals,18.6,0,1
Vegetables,12.3,1,3
Vegetables,-22.3,1,110
Cooked_Meals,-24.9,0,95
Cooked_Meals,-12.9,0,98
Fruits,11.8,0,6
Cooked_Meals,-19.3,1,48
Cooked_Meals,23.2,1,1
Liquid_Dairy,-14.1,1,46
Fruits,-23.3,0,232
Vegetables,-2.5,0,14
Liquid_Dairy,23.5,0,1
Cooked_Meals,-14.6,0,86
Fruits,20.0,0,5
Fruits,4.2,1,10
Liquid_Dairy,-9.7,0,9
Vegetables,8.9,0,7
Cooked_Meals,-15.9,1,45
Fermented_Dairy,-17.8,0,89
Liquid_Dairy,-20.9,0,85
Meat_Poultry,7.8,1,2
Fruits,21.8,1,3
Fruits,17.6,1,3
Liquid_Dairy,-15.8,0,87
Hard_Cheese,-1.1,1,23
Fruits,-2.7,0,16
Hard_Cheese,-17.9,1,47
Hard_Cheese,3.1,1,27
Fruits,-22.7,1,103
Hard_Cheese,16.3,0,6
Fruits,4.9,0,13
Cooked_Meals,9.0,0,3
Fruits,-3.9,1,11
Liquid_Dairy,-19.4,0,90
Vegetables,1.9,0,13
Liquid_Dairy,15.1,1,1
Hard_Cheese,17.5,0,5
Meat_Poultry,19.5,0,1
Hard_Cheese,-17.6,0,96
Fruits,24.5,1,3
Vegetables,10.6,1,4
Hard_Cheese,0.6,1,24
Meat_Poultry,-0.8,0,7
Fruits,-8.1,0,16
Liquid_Dairy,12.6,0,3
Liquid_Dairy,-13.7,1,44
Hard_Cheese,-5.7,0,34
Vegetables,-21.3,1,129
Meat_Poultry,16.5,0,1
Fruits,13.7,0,3
Liquid_Dairy,-10.9,0,86
Fruits,22.8,1,2
Vegetables,14.4,0,3
Vegetables,5.2,0,15
Meat_Poultry,-15.1,1,100
Vegetables,21.5,0,6
Fruits,-2.5,0,13
Cooked_Meals,12.6,0,1
Meat_Poultry,-20.8,1,88
Fermented_Dairy,-10.6,1,48
Meat_Poultry,13.5,0,2
Fruits,-17.9,1,132
Hard_Cheese,22.2,1,3
Liquid_Dairy,-1.7,1,3
Meat_Poultry,-0.5,0,7
Liquid_Dairy,3.8,0,10
Meat_Poultry,3.0,1,3
Liquid_Dairy,1.2,1,3
Meat_Poultry,5.6,1,2
Vegetables,-9.2,1,9
Vegetables,-10.3,0,217
Hard_Cheese,16.9,0,6
Fermented_Dairy,-17.3,1,51
Vegetables,-6.9,0,14
Cooked_Meals,0.9,1,2
Cooked_Meals,6.4,0,3
Cooked_Meals,-22.1,0,84
Fruits,9.7,1,5
Liquid_Dairy,-23.2,1,50
Hard_Cheese,5.8,1,20
Fruits,-12.7,0,254
Fruits,-15.3,1,130
Liquid_Dairy,3.9,1,3
Fruits,19.5,0,5
Fruits,-10.1,1,121
Vegetables,-17.1,1,106
Fermented_Dairy,13.8,1,2
Vegetables,15.2,0,5
Fermented_Dairy,-10.8,0,98
Hard_Cheese,-9.6,1,30
Hard_Cheese,-19.2,1,41
Hard_Cheese,-3.6,0,28
Liquid_Dairy,-22.3,0,99
Fermented_Dairy,-10.9,1,50
Liquid_Dairy,16.7,0,1
Fermented_Dairy,-2.0,0,14
Fruits,12.3,0,5
Cooked_Meals,-11.2,1,48
Hard_Cheese,17.6,0,6
Cooked_Meals,18.9,0,1
Fermented_Dairy,1.6,1,11
Liquid_Dairy,22.4,0,1
Liquid_Dairy,1.2,1,3
Fermented_Dairy,0.5,1,10
Liquid_Dairy,-15.5,1,51
Vegetables,19.1,1,3
Fruits,-17.1,0,237
Fermented_Dairy,0.9,0,14
Vegetables,-10.2,0,223
Vegetables,-23.8,0,220
Hard_Cheese,-18.3,0,82
Vegetables,19.8,1,3
Meat_Poultry,-9.8,0,6
Vegetables,-7.1,1,11
Meat_Poultry,-1.4,1,3
Fruits,-9.7,0,12
Fermented_Dairy,-12.1,1,42
Fermented_Dairy,-9.8,1,9
Fruits,-11.3,1,120
Meat_Poultry,-19.1,1,101
Fruits,7.9,0,10
Cooked_Meals,-8.7,1,2
Vegetables,16.1,0,6
Hard_Cheese,12.0,0,11
Fruits,-14.5,1,106
Fruits,-20.9,1,126
Liquid_Dairy,-17.0,1,42
Cooked_Meals,-2.3,1,2
Hard_Cheese,17.9,1,3
Meat_Poultry,14.1,0,1
Vegetables,6.5,1,7
Fermented_Dairy,10.4,0,7
Liquid_Dairy,-11.7,1,41
Fermented_Dairy,-12.4,1,41
Fermented_Dairy,9.2,0,8
Cooked_Meals,-10.3,0,100
Cooked_Meals,7.0,0,3
Cooked_Meals,-10.2,0,103
Meat_Poultry,-21.8,0,202
Hard_Cheese,-17.7,0,96
Liquid_Dairy,13.0,1,1
Cooked_Meals,18.3,0,1
Fruits,12.2,0,5
Liquid_Dairy,4.4,1,3
Hard_Cheese,10.9,1,12
Fermented_Dairy,-20.2,0,86
Meat_Poultry,13.0,0,2
Meat_Poultry,-22.3,0,167
Liquid_Dairy,-0.1,1,3
Liquid_Dairy,-6.2,0,11
Cooked_Meals,-19.5,1,43
Vegetables,-4.0,1,9
Meat_Poultry,-7.7,0,7
Cooked_Meals,-1.2,0,4
Fruits,22.4,0,6
Fermented_Dairy,-2.9,0,15
Fruits,-9.4,0,12
Cooked_Meals,17.6,0,1
Fruits,8.0,0,9
Liquid_Dairy,5.2,1,3
Fruits,19.8,0,6
Vegetables,-10.6,0,205
Liquid_Dairy,11.5,0,4
Liquid_Dairy,3.9,0,10
Liquid_Dairy,11.7,0,4
Cooked_Meals,-22.3,1,48
Fruits,-4.2,0,16
Cooked_Meals,2.3,0,4
Cooked_Meals,18.0,0,1
Cooked_Meals,-21.1,0,97
Hard_Cheese,21.4,1,3
Hard_Cheese,18.2,1,3
Meat_Poultry,7.4,1,2
Cooked_Meals,20.7,0,1
Vegetables,-16.3,0,216
Meat_Poultry,4.3,1,3
Vegetables,-22.0,1,134
Hard_Cheese,4.9,0,27
Vegetables,-4.6,1,9
Cooked_Meals,7.9,0,3
Vegetables,-17.9,0,275
Meat_Poultry,14.3,0,1
Liquid_Dairy,-18.8,0,86
Liquid_Dairy,-2.0,0,9
Meat_Poultry,21.9,0,1
Fermented_Dairy,22.4,1,1
Liquid_Dairy,-7.4,0,10
Liquid_Dairy,-2.0,1,3
Hard_Cheese,19.5,1,3
Liquid_Dairy,9.2,1,2
Cooked_Meals,-8.1,1,2
Liquid_Dairy,-19.9,1,50
Vegetables,-3.3,0,13
Fermented_Dairy,-14.7,0,81
Meat_Poultry,-11.0,0,171
Cooked_Meals,16.4,1,1
Fruits,11.8,1,3
Liquid_Dairy,9.6,1,1
Vegetables,13.7,1,2
Meat_Poultry,-22.1,0,188
Fermented_Dairy,-4.2,0,16
Fruits,9.8,1,6
Meat_Poultry,-0.1,1,3
Hard_Cheese,-9.5,0,32
Vegetables,-15.3,0,222
Cooked_Meals,12.6,0,1
Meat_Poultry,-0.2,0,7
Cooked_Meals,-8.1,1,1
Meat_Poultry,11.6,1,1
Fruits,-6.6,1,10
Fruits,-12.5,1,104
Fermented_Dairy,-21.0,0,90
Liquid_Dairy,-16.7,0,87
Fermented_Dairy,17.4,1,1
Liquid_Dairy,23.5,0,1
Vegetables,16.4,1,2
Meat_Poultry,-8.3,0,6
Meat_Poultry,19.1,1,1
Vegetables,-8.1,1,9
Hard_Cheese,4.6,0,32
Meat_Poultry,-18.9,0,182
Fruits,4.0,0,14
Fruits,9.1,1,6
Hard_Cheese,0.6,1,27
Meat_Poultry,-11.4,0,205
Liquid_Dairy,13.4,0,2
Fruits,-7.0,0,15
Fermented_Dairy,15.5,1,2
Fermented_Dairy,-11.5,0,86
Vegetables,11.2,1,4
Hard_Cheese,8.8,1,19
Liquid_Dairy,-8.9,0,9
Liquid_Dairy,14.4,0,2
Vegetables,17.7,0,5
Cooked_Meals,-6.0,0,4
Cooked_Meals,-8.0,0,4
Cooked_Meals,-7.8,1,2
Meat_Poultry,22.7,1,1
Liquid_Dairy,-1.3,0,9
Fruits,13.1,1,2
Meat_Poultry,1.7,0,7
Fermented_Dairy,21.1,1,1
Vegetables,-16.3,1,115
Meat_Poultry,10.4,0,4
Vegetables,-18.0,1,121
Cooked_Meals,-10.4,1,41
Cooked_Meals,4.2,0,4
Meat_Poultry,-6.3,1,2
Cooked_Meals,-4.7,1,2
Cooked_Meals,-3.1,0,4
Hard_Cheese,11.2,0,13
Fermented_Dairy,-14.9,0,77
Fermented_Dairy,-15.5,0,92
Liquid_Dairy,0.1,0,11
Fermented_Dairy,21.8,1,1
Vegetables,-11.9,1,119
Fruits,24.6,0,6
Meat_Poultry,0.5,0,6
Vegetables,-20.9,1,118
Meat_Poultry,-13.3,1,94
Fermented_Dairy,9.0,0,9
Vegetables,-19.1,0,241
Meat_Poultry,24.1,0,1
Fermented_Dairy,0.7,1,10
Meat_Poultry,1.7,0,7
Hard_Cheese,1.1,0,31
Cooked_Meals,-10.6,1,47
Cooked_Meals,-22.1,0,100
Fruits,-13.8,0,224
Fermented_Dairy,17.2,0,3
Liquid_Dairy,5.8,1,2
Hard_Cheese,-2.1,1,23
Cooked_Meals,-10.3,0,89
Liquid_Dairy,14.3,1,1
Fermented_Dairy,-9.1,1,11
Cooked_Meals,-20.9,0,84
Liquid_Dairy,19.2,1,1
Hard_Cheese,-8.2,1,28
Fermented_Dairy,20.4,0,3
Cooked_Meals,-0.8,1,1
Liquid_Dairy,10.9,1,1
Hard_Cheese,-14.5,1,50
Meat_Poultry,-7.1,1,2
Cooked_Meals,15.7,0,1
Cooked_Meals,-24.4,1,50
Meat_Poultry,22.5,0,1
Hard_Cheese,-7.3,1,30
Vegetables,5.1,1,10
Hard_Cheese,13.1,0,9
Fruits,-7.8,1,11
Fruits,-7.7,1,10
Liquid_Dairy,1.2,1,3
Meat_Poultry,-24.0,1,97
Cooked_Meals,14.9,0,1
Fermented_Dairy,15.9,0,3
Meat_Poultry,21.4,0,1
Hard_Cheese,-1.4,1,24
Hard_Cheese,-21.8,1,39
Meat_Poultry,-14.9,0,202
Vegetables,-6.9,0,13
Hard_Cheese,-17.4,1,49
Fermented_Dairy,20.9,0,3
Fruits,-14.1,0,216
Hard_Cheese,21.7,1,3
Vegetables,2.5,1,9
Fermented_Dairy,18.4,1,1
Liquid_Dairy,12.9,1,1
Fruits,-23.4,0,253
Liquid_Dairy,-3.9,1,3
Liquid_Dairy,-13.3,0,102
Vegetables,9.5,1,6
Hard_Cheese,7.2,0,19
Vegetables,-15.7,0,233
Vegetables,-22.9,1,120
Hard_Cheese,4.9,1,24
Fermented_Dairy,16.9,0,2
Liquid_Dairy,-16.7,1,49
Fermented_Dairy,23.4,0,3
Liquid_Dairy,-24.6,1,50
Fermented_Dairy,-9.1,0,13
Liquid_Dairy,-4.7,0,9
Cooked_Meals,15.7,1,1
Fermented_Dairy,19.0,1,1
Vegetables,-10.5,1,130
Cooked_Meals,11.6,1,1
Vegetables,17.8,1,3
Cooked_Meals,-12.4,1,41
Fermented_Dairy,2.6,1,10
Vegetables,-1.0,1,9
Cooked_Meals,16.9,1,1
Cooked_Meals,8.5,0,2
Fruits,16.1,0,5
Meat_Poultry,-11.5,1,88
Meat_Poultry,-23.3,0,160
Meat_Poultry,-1.6,0,7
Cooked_Meals,23.9,1,1
Fruits,11.3,0,5
Fermented_Dairy,14.1,1,2
Fruits,-10.4,1,108
Hard_Cheese,-24.9,1,39
Fermented_Dairy,7.8,0,9
Fermented_Dairy,-20.7,1,49
Hard_Cheese,-12.2,0,84
Vegetables,-19.9,1,126
Hard_Cheese,9.9,0,14
Meat_Poultry,7.0,1,2
Hard_Cheese,-21.5,1,43
Fruits,6.2,0,12
Hard_Cheese,12.7,0,9
Fermented_Dairy,23.4,1,1
Liquid_Dairy,14.7,1,1
Fruits,20.8,0,6
Cooked_Meals,-22.6,1,41
Meat_Poultry,-2.9,1,3
Liquid_Dairy,-5.1,1,3
Fermented_Dairy,6.6,0,10
Liquid_Dairy,3.7,1,3
Vegetables,10.0,0,7
Cooked_Meals,-14.1,1,47
Fermented_Dairy,-15.2,0,95
Cooked_Meals,17.3,1,1
Hard_Cheese,-5.0,0,26
Meat_Poultry,12.5,1,1
Vegetables,-2.6,1,10
Fruits,20.8,1,3
Fermented_Dairy,6.1,0,11
Fruits,7.8,0,10
Fermented_Dairy,12.1,1,3
Hard_Cheese,-10.3,0,94
Fermented_Dairy,-19.1,0,78
Vegetables,-24.9,0,270
Liquid_Dairy,-21.0,0,90
Hard_Cheese,13.4,1,6
Cooked_Meals,-22.7,1,49
Fermented_Dairy,-20.5,0,103
Fermented_Dairy,5.0,0,13
Meat_Poultry,-14.1,0,156
Cooked_Meals,-21.9,1,47
Liquid_Dairy,17.8,1,1
Fruits,-23.2,0,251
Liquid_Dairy,-18.8,0,101
Hard_Cheese,-9.0,0,32
Liquid_Dairy,-22.7,1,38
Fermented_Dairy,16.9,1,2
Cooked_Meals,-19.4,1,39
Fermented_Dairy,-19.7,0,77
Fruits,4.0,0,13
Liquid_Dairy,-5.8,0,11
Liquid_Dairy,-8.0,0,9
Cooked_Meals,-16.6,0,83
Cooked_Meals,11.1,0,2
Vegetables,-18.3,1,114
Hard_Cheese,10.6,1,12
Liquid_Dairy,-23.2,1,44
Fruits,-2.0,1,11
Cooked_Meals,23.6,0,1
Vegetables,3.4,0,13
Hard_Cheese,16.6,1,3
Hard_Cheese,-6.9,1,25
Hard_Cheese,-3.9,0,32
Liquid_Dairy,-8.0,0,11
Fruits,-23.7,1,122
Meat_Poultry,16.7,1,1
Liquid_Dairy,-6.3,0,9
Meat_Poultry,20.5,1,1
Fruits,22.7,1,3
Vegetables,14.3,1,2
Hard_Cheese,-9.5,0,31
Fruits,0.8,0,13
Meat_Poultry,-1.3,0,6
Fruits,24.0,1,3
Fermented_Dairy,0.7,1,11
Meat_Poultry,-0.6,1,3
Liquid_Dairy,16.6,0,1
Hard_Cheese,3.8,1,24
Fermented_Dairy,-4.5,0,15
Liquid_Dairy,-23.7,1,38
Hard_Cheese,2.2,1,28
Liquid_Dairy,-10.7,0,82
Cooked_Meals,13.8,1,1
Fruits,15.7,1,3
Meat_Poultry,13.4,0,2
Vegetables,22.2,1,3
Cooked_Meals,-4.5,0,4
Cooked_Meals,-13.7,0,79
Hard_Cheese,-6.6,1,24
Meat_Poultry,-13.0,1,79
Cooked_Meals,13.2,1,1
Fermented_Dairy,-17.9,1,39
Cooked_Meals,-9.1,1,2
Vegetables,-13.2,0,232
Fermented_Dairy,5.2,0,13
Fermented_Dairy,11.6,0,5
Fermented_Dairy,-14.2,1,43
Liquid_Dairy,-17.6,1,40
Hard_Cheese,-16.5,1,44
Meat_Poultry,23.0,0,1
Vegetables,8.3,1,6
Cooked_Meals,-23.4,0,77
Vegetables,-15.3,1,117
Vegetables,-21.9,1,119
Fermented_Dairy,-5.1,1,11
Vegetables,20.3,1,3
Meat_Poultry,21.4,1,1
Hard_Cheese,-24.4,1,42
Fermented_Dairy,-12.0,1,42
Cooked_Meals,8.1,0,3
Meat_Poultry,3.4,0,6
Vegetables,15.9,0,5
Liquid_Dairy,-10.7,1,40
Liquid_Dairy,-7.4,0,11
Cooked_Meals,15.5,0,1
Fruits,16.3,0,5
Liquid_Dairy,-8.3,1,3
Fruits,-10.2,1,126
Fermented_Dairy,14.9,1,2
Fermented_Dairy,-18.2,0,84
Fruits,-16.8,0,249
Meat_Poultry,7.9,0,4
Liquid_Dairy,-14.9,0,90
Fruits,-13.7,0,236
Hard_Cheese,-14.6,1,38
Cooked_Meals,-23.5,1,43
Fruits,7.7,1,7
Liquid_Dairy,5.8,1,2
Fruits,-8.3,0,15
Hard_Cheese,7.0,0,23
Liquid_Dairy,-13.9,1,43
Hard_Cheese,-3.1,1,28
Vegetables,5.2,1,10
Hard_Cheese,-4.5,1,26
Liquid_Dairy,-23.8,0,84
Hard_Cheese,-18.4,1,39
Meat_Poultry,-7.3,1,3
Vegetables,23.6,1,3
Liquid_Dairy,-8.9,0,11
Meat_Poultry,3.2,0,6
Liquid_Dairy,2.1,1,3
Liquid_Dairy,1.2,1,3
Hard_Cheese,18.7,0,6
Liquid_Dairy,-15.3,1,39
Vegetables,23.0,0,6
Cooked_Meals,-16.9,1,40
Fermented_Dairy,15.6,0,3
Fermented_Dairy,-3.5,0,15
Hard_Cheese,17.5,1,3
Cooked_Meals,-11.1,1,49
Hard_Cheese,9.6,0,19
Vegetables,-8.5,0,15
Cooked_Meals,19.9,0,1
Meat_Poultry,2.7,0,6
Fermented_Dairy,25.0,1,1
Vegetables,7.7,0,9
Vegetables,-10.2,0,258
Cooked_Meals,-12.8,1,52
Vegetables,-21.0,1,137
Meat_Poultry,-5.9,0,6
Liquid_Dairy,17.3,0,1
Meat_Poultry,9.2,1,1
Hard_Cheese,3.8,0,30
Vegetables,19.7,0,6
Hard_Cheese,3.0,0,31
Fruits,-0.0,0,13
Hard_Cheese,-0.1,1,24
Fermented_Dairy,-23.1,1,40
Vegetables,-14.6,0,264
Meat_Poultry,-24.0,1,100
Meat_Poultry,11.6,0,3
Liquid_Dairy,16.6,1,1
Meat_Poultry,-7.5,0,7
Liquid_Dairy,-13.4,1,51
Liquid_Dairy,11.2,1,1
Fruits,-12.7,0,271
Hard_Cheese,-15.5,1,51
Cooked_Meals,13.8,1,1
Meat_Poultry,-12.8,0,179
Meat_Poultry,-15.0,1,97
Meat_Poultry,15.9,0,1
Vegetables,4.2,0,12
Meat_Poultry,2.6,1,3
Meat_Poultry,-6.1,1,3
Meat_Poultry,-24.6,0,169
Meat_Poultry,21.2,1,1
Fermented_Dairy,7.3,0,9
Meat_Poultry,17.8,0,1
Hard_Cheese,-7.4,0,31
Hard_Cheese,22.0,0,6
Liquid_Dairy,9.5,0,6
Liquid_Dairy,19.6,0,1
Meat_Poultry,19.2,0,1
Meat_Poultry,15.5,0,1
Hard_Cheese,18.8,1,3
Hard_Cheese,1.2,0,34
Hard_Cheese,-13.0,1,44
Vegetables,-24.9,1,106
Fermented_Dairy,-15.3,1,49
Hard_Cheese,-6.1,1,29
Vegetables,-23.6,1,113
Fruits,-11.3,0,264
Vegetables,18.9,1,3
Fermented_Dairy,-21.6,1,50
Cooked_Meals,4.8,1,2
Fermented_Dairy,-0.7,0,14
Meat_Poultry,-8.8,0,7
Fermented_Dairy,-7.0,1,10
Hard_Cheese,5.5,1,25
Meat_Poultry,-21.5,0,157
Cooked_Meals,-13.5,0,103
Meat_Poultry,-9.6,0,7
Cooked_Meals,-15.9,0,90
Liquid_Dairy,19.8,1,1
Fruits,-3.6,0,12
Fruits,-11.4,0,265
Vegetables,13.0,1,3
Hard_Cheese,-17.3,1,51
Liquid_Dairy,-18.3,1,40
Fermented_Dairy,-14.7,1,51
Fruits,20.8,0,5
Fruits,14.6,1,2
Hard_Cheese,-3.5,1,27
Fruits,-0.1,1,11
Liquid_Dairy,-14.8,0,87
Liquid_Dairy,-14.5,0,100
Fermented_Dairy,-17.0,1,45
Vegetables,-14.4,0,222
Liquid_Dairy,1.0,1,3
Fruits,24.9,0,5
Vegetables,-21.7,1,106
Meat_Poultry,-5.7,1,3
Fruits,-5.0,1,9
Cooked_Meals,18.2,1,1
Vegetables,11.8,1,3
Vegetables,-17.9,1,125
Cooked_Meals,-4.2,1,2
Fruits,14.3,1,2
Vegetables,13.1,1,3
Liquid_Dairy,-22.1,1,46
Fermented_Dairy,4.5,0,13
Fermented_Dairy,-20.3,0,83
Hard_Cheese,5.7,0,29
Fermented_Dairy,24.0,0,3
Meat_Poultry,-21.0,1,92
Meat_Poultry,6.1,0,5
Vegetables,16.5,1,3
Fermented_Dairy,19.1,1,1
Meat_Poultry,-3.5,1,3
Cooked_Meals,8.9,0,2
Meat_Poultry,11.7,1,1
Liquid_Dairy,1.7,1,3
Vegetables,-0.0,1,9
Hard_Cheese,2.7,0,28
Fruits,-11.9,1,118
Hard_Cheese,-19.9,0,102
Liquid_Dairy,24.7,1,1
Fermented_Dairy,15.6,0,3
Fruits,-23.9,1,116
Fermented_Dairy,24.0,1,2
Vegetables,-7.9,1,10
Fruits,23.2,1,3
Fermented_Dairy,-21.1,1,45
Meat_Poultry,14.3,1,1
Cooked_Meals,13.2,1,1
Liquid_Dairy,-25.0,1,49
Cooked_Meals,1.9,0,4
Hard_Cheese,19.1,1,3
Vegetables,-17.1,0,230
Cooked_Meals,3.3,1,2
Hard_Cheese,-10.3,0,81
Fermented_Dairy,4.3,1,11
Meat_Poultry,-14.8,0,205
Meat_Poultry,-23.7,0,172
Hard_Cheese,16.2,1,3
Fruits,-0.3,1,9
Liquid_Dairy,-23.5,1,50
Fermented_Dairy,-7.2,1,9
Liquid_Dairy,15.5,1,1
Cooked_Meals,4.8,1,2
Cooked_Meals,-8.1,0,5
Vegetables,0.4,0,15
Liquid_Dairy,-1.2,1,3
Meat_Poultry,3.2,1,3
Fermented_Dairy,1.7,0,14
Cooked_Meals,-15.7,1,51
Cooked_Meals,25.0,0,1
Vegetables,-19.6,1,116
Fruits,-17.0,0,249
Hard_Cheese,-2.3,1,26
Vegetables,-19.7,0,230
Vegetables,-20.6,1,133
Vegetables,20.1,0,6
Hard_Cheese,2.7,1,29
Hard_Cheese,5.8,1,20
Fermented_Dairy,11.5,1,3
Liquid_Dairy,-21.1,1,48
Cooked_Meals,-4.4,0,4
Cooked_Meals,20.0,1,1
Fermented_Dairy,-0.6,0,15
Fruits,-11.3,1,107
Vegetables,-8.6,0,14
Fermented_Dairy,-3.4,1,11
Liquid_Dairy,-21.3,0,81
Vegetables,-13.4,0,233
Fruits,21.6,1,3
Vegetables,-18.4,0,216
Hard_Cheese,-22.6,1,42
Meat_Poultry,2.5,1,3
Hard_Cheese,24.8,0,6
Fermented_Dairy,13.7,0,3
Liquid_Dairy,-12.5,1,47
Hard_Cheese,13.3,0,7
Fermented_Dairy,-21.4,1,50
Fermented_Dairy,-20.8,1,40
Vegetables,-22.4,1,123
Fruits,18.7,1,3
Hard_Cheese,-23.3,1,41
Meat_Poultry,14.8,0,1
Vegetables,-17.2,1,128
Cooked_Meals,7.6,0,3
Fruits,-17.8,1,123
Liquid_Dairy,4.1,0,9
Cooked_Meals,11.4,1,1
Fermented_Dairy,16.4,1,2
Hard_Cheese,-12.5,0,82
Fruits,-13.5,1,120
Fruits,6.3,1,7
Hard_Cheese,-21.4,1,47
Fruits,23.5,0,6
Hard_Cheese,21.9,0,5
Vegetables,-12.9,0,259
Vegetables,15.7,1,3
Liquid_Dairy,21.9,0,1
Meat_Poultry,23.3,0,1
Meat_Poultry,-11.8,0,185
Meat_Poultry,-16.4,1,80
Vegetables,6.3,0,12
Cooked_Meals,-18.4,1,39
Fruits,12.5,0,4
Vegetables,-2.9,1,11
Liquid_Dairy,-24.4,0,103
Fermented_Dairy,17.6,0,3
Meat_Poultry,18.8,1,1
Fruits,8.8,1,6
Fruits,-4.2,0,15
Liquid_Dairy,-10.2,0,92
Liquid_Dairy,-7.9,1,3
Vegetables,-24.5,0,245
Fermented_Dairy,6.8,0,12
Vegetables,-4.6,1,9
Fermented_Dairy,-4.3,1,10
Vegetables,19.6,1,3
Fruits,-12.6,1,116
Meat_Poultry,12.8,1,1
Meat_Poultry,15.1,1,1
Meat_Poultry,18.9,1,1
Cooked_Meals,4.6,0,4
Cooked_Meals,-22.6,0,89
Hard_Cheese,22.0,0,5
Vegetables,20.2,1,3
Fermented_Dairy,16.3,0,2
Liquid_Dairy,-4.8,1,3
Fermented_Dairy,-9.8,0,14
Cooked_Meals,-24.1,1,41
Vegetables,-21.3,1,136
Fruits,-13.7,1,102
Cooked_Meals,1.8,1,1
Cooked_Meals,-0.3,1,2
Fermented_Dairy,7.3,0,9
Hard_Cheese,21.1,0,7
Fermented_Dairy,-17.1,0,81
Fruits,-21.8,1,107
Meat_Poultry,15.0,0,1
Liquid_Dairy,-12.8,1,42
Vegetables,20.4,0,5
Liquid_Dairy,-14.9,0,87
Fermented_Dairy,24.1,1,2
Fruits,4.4,1,10
Vegetables,-10.6,0,255
Hard_Cheese,2.7,0,32
Fruits,9.5,1,5
Vegetables,-20.3,0,275
Fermented_Dairy,14.2,1,2
Vegetables,23.6,0,6
Hard_Cheese,18.0,0,6
Fruits,-6.9,0,12
Fruits,5.4,1,8
Fermented_Dairy,-11.0,0,84
Meat_Poultry,2.1,1,3
Fermented_Dairy,-21.5,1,38
Meat_Poultry,19.9,1,1
Fermented_Dairy,-19.4,0,86
Vegetables,12.1,0,6
Fermented_Dairy,-14.7,1,50
Cooked_Meals,-16.3,1,51
Liquid_Dairy,19.0,0,1
Meat_Poultry,5.7,0,6
Vegetables,12.4,0,5
Liquid_Dairy,-21.1,1,46
Vegetables,-0.3,1,9
Hard_Cheese,-4.2,1,25
Meat_Poultry,13.8,1,1
Meat_Poultry,-16.2,0,200
Vegetables,13.8,0,3
Fermented_Dairy,-12.9,0,84
Cooked_Meals,0.8,1,2
Vegetables,14.8,0,3
Meat_Poultry,14.3,0,1
Cooked_Meals,-16.1,0,86
Vegetables,-3.5,0,14
Liquid_Dairy,14.9,0,2
Liquid_Dairy,-15.6,0,85
Meat_Poultry,21.0,1,1
Fruits,11.7,1,3
Cooked_Meals,17.6,0,1
Fermented_Dairy,10.8,0,6
Meat_Poultry,16.5,0,1
Hard_Cheese,24.2,1,3
Fruits,-4.6,1,10
Vegetables,-16.0,1,121
Fermented_Dairy,-13.6,1,44
Hard_Cheese,-10.2,1,46
Meat_Poultry,-5.9,0,7
Hard_Cheese,22.8,0,5
Liquid_Dairy,-21.5,0,83
Vegetables,6.7,0,10
Fermented_Dairy,-20.4,1,48
Hard_Cheese,9.2,1,17
Meat_Poultry,-17.2,1,94
Cooked_Meals,15.1,1,1
Liquid_Dairy,2.2,1,3
Hard_Cheese,23.7,1,3
Vegetables,18.5,1,3
Vegetables,-14.5,1,118
Fermented_Dairy,-0.3,1,11
Fruits,-23.0,1,107
Cooked_Meals,2.4,1,1
Vegetables,-18.7,1,132
Hard_Cheese,-10.4,1,49
Fermented_Dairy,18.3,1,1
Liquid_Dairy,-14.2,0,90
Fruits,3.4,0,13
Liquid_Dairy,-20.2,0,100
Liquid_Dairy,10.2,0,5
Cooked_Meals,-5.7,1,2
Hard_Cheese,5.5,1,23
Cooked_Meals,-0.7,1,2
Hard_Cheese,-4.0,0,29
Vegetables,11.2,0,6
Vegetables,20.6,1,3
Liquid_Dairy,-18.1,0,84
Meat_Poultry,-10.0,1,88
Meat_Poultry,2.1,0,6
Liquid_Dairy,-15.1,0,93
Vegetables,-5.2,0,15
Meat_Poultry,3.8,0,7
Fruits,0.9,0,15
Hard_Cheese,4.6,1,25
Fermented_Dairy,0.8,0,15
Meat_Poultry,23.2,0,1
Fruits,7.9,1,6
Fruits,9.3,0,8
Cooked_Meals,1.4,1,2
Liquid_Dairy,16.4,1,1
Cooked_Meals,-2.6,0,4
Fruits,13.7,1,2
Liquid_Dairy,9.7,1,2
Liquid_Dairy,14.1,1,1
Liquid_Dairy,-3.2,1,3
Fruits,11.9,0,5
Liquid_Dairy,3.1,0,9
Cooked_Meals,8.0,0,3
Fermented_Dairy,15.9,1,1
Fruits,-19.3,1,121
Fermented_Dairy,16.5,1,1
Cooked_Meals,18.6,1,1
Fruits,-21.1,1,106
Hard_Cheese,-7.7,0,34
Fruits,-6.0,1,11
Fruits,14.9,1,2
Fruits,0.6,1,9
Fermented_Dairy,23.9,1,2
Meat_Poultry,-19.1,1,97
Vegetables,-16.9,0,259
Hard_Cheese,-15.8,1,40
Vegetables,-10.0,1,111
Fermented_Dairy,-11.3,0,82
Hard_Cheese,15.3,1,3
Fermented_Dairy,7.6,1,6
Meat_Poultry,-0.4,1,3
Fruits,-9.6,0,12
Liquid_Dairy,-14.8,1,50
Fermented_Dairy,20.5,0,3
Liquid_Dairy,6.4,1,3
Meat_Poultry,14.7,0,1
Cooked_Meals,-1.2,1,1
Liquid_Dairy,21.2,0,1
Fermented_Dairy,1.5,0,13
Meat_Poultry,7.1,1,2
Cooked_Meals,3.9,0,4
Fermented_Dairy,1.2,0,13
Hard_Cheese,-15.3,1,46
Fermented_Dairy,-23.4,1,46
Fruits,24.0,1,3
Cooked_Meals,7.2,1,1
Vegetables,18.4,1,2
Liquid_Dairy,9.1,0,5
Fermented_Dairy,8.6,0,9
Vegetables,9.3,1,5
Fruits,-14.2,1,131
Liquid_Dairy,10.6,1,1
Hard_Cheese,6.3,1,22
Meat_Poultry,-23.1,0,187
Fruits,22.7,1,3
Hard_Cheese,-1.7,0,33
Cooked_Meals,24.3,1,1
Fermented_Dairy,24.9,0,2
Fruits,23.2,0,6
Hard_Cheese,16.2,0,6
Fermented_Dairy,-19.2,1,45
Vegetables,-23.5,1,135
Meat_Poultry,-17.5,1,101
Fermented_Dairy,-20.8,0,77
Hard_Cheese,-9.4,1,31
Cooked_Meals,10.8,1,1
Hard_Cheese,10.6,1,11
Hard_Cheese,1.9,0,31
Fermented_Dairy,-20.6,0,89
Liquid_Dairy,11.7,1,1
Meat_Poultry,8.0,1,2
Cooked_Meals,-12.5,1,50
Hard_Cheese,-4.5,1,24
Cooked_Meals,-2.5,0,4
Fermented_Dairy,21.7,1,1
Liquid_Dairy,-23.6,0,103
Liquid_Dairy,-2.8,0,10
Cooked_Meals,17.0,1,1
Fermented_Dairy,16.7,0,3
Cooked_Meals,-1.6,0,4
Cooked_Meals,-19.1,0,83
Fermented_Dairy,16.0,0,3
Hard_Cheese,-4.2,0,34
Hard_Cheese,-0.1,0,33
Meat_Poultry,-18.7,0,177
Liquid_Dairy,-23.3,1,44
Meat_Poultry,19.1,0,1
Cooked_Meals,-9.8,0,4
Cooked_Meals,12.1,1,1
Cooked_Meals,1.7,1,1
Hard_Cheese,-13.5,1,38
Meat_Poultry,-2.1,1,3
Cooked_Meals,2.7,0,3
Cooked_Meals,-19.7,1,46
Cooked_Meals,19.2,1,1
Fruits,22.8,1,2
Cooked_Meals,17.3,1,1
Fruits,-1.2,0,14
Fruits,-22.7,1,135
Cooked_Meals,-5.3,1,1
Vegetables,-15.6,0,216
Meat_Poultry,-9.2,1,3
Vegetables,12.8,0,5
Liquid_Dairy,-6.0,1,3
Liquid_Dairy,9.8,1,2
Hard_Cheese,15.6,0,7
Fermented_Dairy,-18.1,1,40
Cooked_Meals,0.3,0,3
Fruits,4.5,0,12
Fermented_Dairy,17.2,1,2
Cooked_Meals,10.2,0,2
Hard_Cheese,-18.8,1,48
Liquid_Dairy,10.6,1,2
Hard_Cheese,-11.6,0,86
Fruits,-11.3,0,267
Meat_Poultry,9.4,0,4
Meat_Poultry,-15.1,0,179
Liquid_Dairy,-12.0,1,39
Fruits,-3.7,0,15
Hard_Cheese,9.6,1,17
Fruits,-16.8,0,205
Cooked_Meals,-4.1,0,5
Hard_Cheese,8.0,0,22
Vegetables,-10.4,1,123
Fruits,12.4,1,3
Fermented_Dairy,5.5,1,9
Vegetables,21.8,0,5
Vegetables,12.4,0,4
Cooked_Meals,-1.5,0,4
Vegetables,-7.4,0,14
Cooked_Meals,9.1,0,2
Meat_Poultry,-4.5,0,7
Meat_Poultry,15.9,0,1
Liquid_Dairy,22.2,1,1
Cooked_Meals,14.0,0,1
Fruits,-13.0,0,216
Vegetables,-7.7,1,9
Liquid_Dairy,24.7,1,1
Liquid_Dairy,-18.5,1,43
Fermented_Dairy,19.0,0,3
Cooked_Meals,23.4,1,1
Liquid_Dairy,-0.8,1,3
Cooked_Meals,17.7,0,1
Meat_Poultry,-11.8,1,80
Meat_Poultry,-17.7,0,188
Cooked_Meals,12.4,1,1
Fermented_Dairy,24.8,0,3
Meat_Poultry,23.7,1,1
Hard_Cheese,-1.0,1,25
Liquid_Dairy,0.8,0,11
Vegetables,-6.5,1,11
Fruits,-16.1,0,213
Hard_Cheese,14.2,0,7
Meat_Poultry,2.1,1,3
Fruits,21.0,0,6
Cooked_Meals,12.9,1,1
Fruits,-19.6,0,229
Fruits,-19.0,0,229
Hard_Cheese,2.7,0,26
Hard_Cheese,2.7,1,23
Fermented_Dairy,20.5,0,3
Cooked_Meals,20.1,0,1
Fermented_Dairy,3.8,1,11
Cooked_Meals,4.8,1,1
Hard_Cheese,19.9,1,3
Hard_Cheese,-21.4,1,39
Fermented_Dairy,-12.0,1,40
Cooked_Meals,12.3,0,1
Liquid_Dairy,-19.8,0,80
Fruits,-17.4,1,123
Vegetables,0.5,0,15
Fermented_Dairy,23.8,1,1
Vegetables,-2.1,0,14
Hard_Cheese,2.6,0,32
Fermented_Dairy,-5.0,0,15
Liquid_Dairy,-6.0,0,9
Liquid_Dairy,14.1,0,2
Fermented_Dairy,-21.8,1,45
Meat_Poultry,-1.0,1,2
Meat_Poultry,1.2,0,8
Liquid_Dairy,-16.4,0,94
Hard_Cheese,24.7,0,7
Meat_Poultry,-19.7,0,197
Meat_Poultry,0.4,1,2
Cooked_Meals,18.5,0,1
Hard_Cheese,-15.6,1,45
Fermented_Dairy,-11.0,1,43
Fruits,-1.5,0,13
Fruits,10.8,1,4
Cooked_Meals,-8.0,1,2
Fermented_Dairy,6.4,1,8
Hard_Cheese,0.8,1,27
Fermented_Dairy,-4.8,0,12
Meat_Poultry,12.8,0,2
Liquid_Dairy,19.2,1,1
Vegetables,-5.9,0,13
Fermented_Dairy,-21.1,1,49
Fruits,17.1,1,3
Fermented_Dairy,-17.6,0,85
Hard_Cheese,22.4,0,6
Cooked_Meals,-1.9,0,4
Hard_Cheese,-3.9,1,24
Hard_Cheese,-24.1,1,42
Hard_Cheese,15.5,0,6
Liquid_Dairy,-12.2,0,96
Liquid_Dairy,-20.2,1,46
Cooked_Meals,16.6,0,1
Vegetables,22.8,0,5
Liquid_Dairy,2.6,0,9
Hard_Cheese,11.3,1,11
Fruits,-6.3,1,10
Fruits,8.8,0,8
Vegetables,-4.5,0,12
Meat_Poultry,21.4,1,1
Fruits,-17.9,0,228
Meat_Poultry,16.7,0,1
Hard_Cheese,-2.4,1,25
Liquid_Dairy,12.4,1,1
Vegetables,5.4,0,14
Liquid_Dairy,-14.2,1,44
Liquid_Dairy,22.2,0,1
Liquid_Dairy,-15.9,1,51
Fermented_Dairy,12.3,0,4
Vegetables,-20.0,0,247
Liquid_Dairy,13.0,1,1
Fruits,-8.3,1,11
Vegetables,-6.9,0,13
Liquid_Dairy,16.2,0,1
Hard_Cheese,-10.7,1,50
Cooked_Meals,-21.7,0,98
Fermented_Dairy,4.8,0,15
Meat_Poultry,6.4,0,5
Fruits,-11.0,0,261
Hard_Cheese,2.8,0,29
Fruits,-9.9,1,10
Meat_Poultry,23.1,0,1
Fermented_Dairy,-12.1,0,83
Hard_Cheese,-12.5,0,80
Liquid_Dairy,5.6,0,9
Fermented_Dairy,7.9,0,10
Vegetables,-23.5,0,230
Fruits,12.2,1,3
Vegetables,-8.4,0,14
Vegetables,-15.1,1,103
Cooked_Meals,-0.7,1,1
Hard_Cheese,-24.0,0,98
Cooked_Meals,19.2,0,1
Meat_Poultry,1.0,1,2
Vegetables,24.3,0,6
Liquid_Dairy,-8.9,0,9
Meat_Poultry,19.5,0,1
Meat_Poultry,-0.7,1,3
Cooked_Meals,5.5,1,1
Fruits,-18.9,1,116
Liquid_Dairy,-19.8,0,94
Fermented_Dairy,18.8,0,3
Hard_Cheese,-19.4,0,83
Vegetables,-1.8,1,11
Cooked_Meals,14.5,1,1
Cooked_Meals,-19.0,1,49
Vegetables,3.8,0,14
Fermented_Dairy,1.1,1,10
Hard_Cheese,16.9,1,3
Vegetables,-11.4,1,125
Fruits,-2.9,1,11
Fermented_Dairy,7.4,0,10
Fermented_Dairy,-6.3,0,12
Meat_Poultry,-13.7,0,165
Fruits,2.5,1,10
Fermented_Dairy,-15.4,0,101
Liquid_Dairy,-4.7,0,9
Fruits,-15.8,1,125
Fruits,24.4,1,3
Cooked_Meals,-4.8,1,1
Liquid_Dairy,4.6,1,3
Hard_Cheese,13.8,0,7
Hard_Cheese,24.3,0,6
Meat_Poultry,23.3,1,1
Hard_Cheese,-16.9,1,44
Cooked_Meals,4.5,1,2
Vegetables,3.0,0,13
Cooked_Meals,23.9,1,1
Hard_Cheese,1.4,0,34
Meat_Poultry,0.8,0,8
Meat_Poultry,20.8,0,1
Liquid_Dairy,1.5,1,3
Meat_Poultry,10.8,1,1
Fruits,-7.0,1,10
Fruits,18.7,0,5
Meat_Poultry,2.2,0,8
Hard_Cheese,-20.9,0,77
Meat_Poultry,-24.5,1,93
Cooked_Meals,13.4,0,1
Vegetables,-2.7,1,10
Vegetables,13.9,1,2
Cooked_Meals,18.1,0,1
Vegetables,6.2,1,7
Cooked_Meals,-17.4,1,50
Fermented_Dairy,2.3,0,15
Fruits,19.1,1,3
Vegetables,24.4,1,3
Meat_Poultry,21.1,1,1
Liquid_Dairy,0.9,0,11
Fruits,-5.0,0,16
Cooked_Meals,-17.9,1,49
Liquid_Dairy,-4.1,1,3
Vegetables,-21.8,1,112
Fermented_Dairy,17.1,1,2
Meat_Poultry,22.2,1,1
Vegetables,0.8,0,15
Vegetables,-12.2,0,273
Meat_Poultry,9.8,1,2
Fruits,2.0,0,14
Liquid_Dairy,9.3,1,2
Hard_Cheese,-24.9,1,43
Fruits,-0.3,1,10
Meat_Poultry,-16.8,0,165
Meat_Poultry,-9.4,0,7
Vegetables,-17.1,0,220
Hard_Cheese,8.5,0,17
Meat_Poultry,-12.7,0,169
Cooked_Meals,-19.9,0,90
Hard_Cheese,14.9,0,6
Meat_Poultry,-20.8,0,187
Vegetables,-15.0,1,113
Hard_Cheese,-0.2,1,31
Vegetables,-5.6,0,15
Fruits,-21.1,0,263
Hard_Cheese,15.4,1,3
Fermented_Dairy,-7.4,1,11
Hard_Cheese,-15.8,1,43
Liquid_Dairy,-19.4,1,44
Fruits,2.0,0,15
Fruits,18.3,1,3
Vegetables,23.1,1,2
Meat_Poultry,-15.0,1,77
Fruits,22.9,0,6
Liquid_Dairy,-2.2,0,9
Liquid_Dairy,21.1,0,1
Meat_Poultry,0.4,0,7
Liquid_Dairy,21.2,1,1
Hard_Cheese,-12.5,1,48
Vegetables,7.0,1,7
Fruits,2.6,0,12
Hard_Cheese,-4.1,0,28
Fruits,19.6,0,6
Hard_Cheese,-20.2,1,41
Hard_Cheese,-3.7,0,33
Cooked_Meals,23.0,0,1
Fruits,-5.7,0,14
Vegetables,-2.3,1,10
Fruits,-18.8,0,240
Fermented_Dairy,-22.4,0,77
Fermented_Dairy,-23.5,0,88
Fruits,20.6,0,6
Cooked_Meals,7.0,0,3
Cooked_Meals,19.5,0,1
Vegetables,-15.1,1,123
Vegetables,17.4,1,3
Fruits,-9.1,0,12
Meat_Poultry,-15.8,0,191
Hard_Cheese,-2.4,1,23
Meat_Poultry,17.8,1,1
Meat_Poultry,-1.1,1,3
Meat_Poultry,20.7,0,1
Meat_Poultry,13.9,0,2
Liquid_Dairy,1.1,1,3
Hard_Cheese,17.8,0,6
Liquid_Dairy,9.4,1,2
Hard_Cheese,-7.2,1,26
Liquid_Dairy,13.8,1,1
Meat_Poultry,-24.2,0,200
Vegetables,9.1,0,8
Hard_Cheese,-13.2,1,42
Vegetables,14.3,0,3
Cooked_Meals,-16.4,1,40
Fermented_Dairy,-22.9,1,41
Vegetables,24.8,1,3
Fruits,-0.9,0,16
Fruits,18.4,0,6
Fermented_Dairy,21.5,0,3
Meat_Poultry,14.1,0,2
Meat_Poultry,16.3,0,1
Vegetables,1.7,1,10
Meat_Poultry,20.9,1,1
Meat_Poultry,23.8,0,1
Meat_Poultry,7.4,0,6
Fruits,-9.1,1,10
Vegetables,10.1,1,5
Fermented_Dairy,24.8,0,3
Cooked_Meals,-12.4,0,93
Meat_Poultry,-12.3,1,92
Cooked_Meals,14.2,0,1
Vegetables,7.1,1,8
Fruits,-2.2,0,14
Cooked_Meals,18.2,0,1
Liquid_Dairy,-16.0,1,44
Fruits,14.2,0,3
Cooked_Meals,-13.0,0,102
Meat_Poultry,17.7,1,1
Liquid_Dairy,3.7,0,10
Hard_Cheese,17.6,1,3
Cooked_Meals,-22.5,0,88
Liquid_Dairy,9.7,1,2
Fruits,-10.1,1,102
Fruits,7.7,0,10
Cooked_Meals,-12.1,0,88
Liquid_Dairy,-21.5,0,101
Meat_Poultry,-8.4,0,6
Liquid_Dairy,0.1,0,9
Liquid_Dairy,-15.8,1,42
Vegetables,-10.8,1,119
Vegetables,4.1,0,16
Fermented_Dairy,2.8,1,9
Cooked_Meals,0.4,0,4
Hard_Cheese,-1.5,1,23
Liquid_Dairy,19.3,1,1
Hard_Cheese,-14.5,0,92
Liquid_Dairy,24.1,0,1
Fermented_Dairy,-10.4,1,43
Fermented_Dairy,-7.8,0,14
Vegetables,-11.3,1,105
Vegetables,12.2,0,5
Liquid_Dairy,-24.3,1,47
Vegetables,14.9,0,2
Vegetables,-19.7,1,120
Fruits,16.0,1,3
Fruits,-0.2,1,10
Liquid_Dairy,-1.0,0,9
Liquid_Dairy,23.4,1,1
Fruits,-14.6,0,235
Fermented_Dairy,2.9,0,14
Cooked_Meals,2.1,0,3
Liquid_Dairy,14.8,1,1
Liquid_Dairy,3.8,0,9
Meat_Poultry,17.1,1,1
Meat_Poultry,-24.7,1,99
Fermented_Dairy,-0.1,0,15
Fruits,22.4,1,3
Meat_Poultry,12.2,1,1
Fruits,3.5,1,9
Cooked_Meals,11.9,0,1
Liquid_Dairy,-18.3,1,44
Liquid_Dairy,17.5,0,1
Cooked_Meals,0.3,1,2
Fruits,-6.4,0,12
Hard_Cheese,6.9,0,20
Vegetables,3.7,1,9
Fruits,-0.6,0,14
Meat_Poultry,17.4,0,1
Fermented_Dairy,-3.2,0,15
Liquid_Dairy,4.9,0,10
Vegetables,-19.6,1,110
Liquid_Dairy,21.2,1,1
Vegetables,-9.6,0,15
Fermented_Dairy,-9.2,0,15
Vegetables,6.9,1,8
Fermented_Dairy,7.6,0,9
Meat_Poultry,10.1,1,1
Vegetables,2.9,0,16
Fermented_Dairy,-18.7,1,48
Fruits,22.7,0,6
Cooked_Meals,-8.4,1,2
Hard_Cheese,-12.2,0,99
Vegetables,10.6,1,5
Meat_Poultry,9.5,1,2
Meat_Poultry,-23.0,1,89
Fruits,13.1,1,2
Fermented_Dairy,12.9,0,4
Fruits,-6.9,0,14
Hard_Cheese,-4.4,1,24
Meat_Poultry,-2.3,1,2
Hard_Cheese,-3.1,1,26
Meat_Poultry,-1.7,0,7
Fermented_Dairy,-3.7,1,9
Liquid_Dairy,15.7,0,1
Hard_Cheese,-20.3,0,88
Vegetables,14.7,1,2
Cooked_Meals,0.5,1,1
Cooked_Meals,9.9,1,1
Cooked_Meals,13.4,1,1
Vegetables,13.8,0,3
Vegetables,12.4,0,5
Hard_Cheese,-9.3,0,31
Fruits,13.5,1,3
Fruits,15.9,0,6
Meat_Poultry,-7.3,1,2
Meat_Poultry,15.2,1,1
Cooked_Meals,19.1,0,1
Cooked_Meals,-10.1,1,42
Vegetables,18.4,1,3
Meat_Poultry,-20.0,0,173
Liquid_Dairy,-10.5,1,50
Cooked_Meals,21.3,1,1
Liquid_Dairy,-20.2,1,39
Fruits,22.4,1,3
Liquid_Dairy,-5.9,1,3
Fermented_Dairy,-10.6,0,96
Hard_Cheese,-2.9,1,26
Cooked_Meals,-3.9,0,4
Liquid_Dairy,18.8,0,1
Fermented_Dairy,-18.6,0,85
Fermented_Dairy,-10.3,0,102
Cooked_Meals,3.9,0,4
Fermented_Dairy,18.8,0,3
Fermented_Dairy,-21.3,1,50
Liquid_Dairy,17.6,1,1
Fermented_Dairy,12.0,1,3
Meat_Poultry,-1.3,0,6
Liquid_Dairy,-22.3,0,90
Liquid_Dairy,-24.6,1,48
Vegetables,-1.2,1,10
Vegetables,9.4,0,8
Fruits,7.3,0,11
Hard_Cheese,1.8,1,25
Fermented_Dairy,19.4,0,3
Vegetables,18.2,0,5
Fruits,-21.5,1,102
Cooked_Meals,24.0,0,1
Liquid_Dairy,23.1,0,1
Cooked_Meals,12.9,1,1
Liquid_Dairy,-15.8,1,48
Meat_Poultry,-17.5,1,86
Hard_Cheese,-22.3,1,46
Fermented_Dairy,14.4,0,3
Vegetables,-8.4,0,15
Liquid_Dairy,12.1,0,4
Cooked_Meals,25.0,1,1
Meat_Poultry,22.9,1,1
Liquid_Dairy,-0.0,1,3
Fermented_Dairy,-7.4,0,14
Fermented_Dairy,4.1,0,15
Liquid_Dairy,20.2,1,1
Cooked_Meals,-0.3,1,2
Hard_Cheese,3.8,1,27
Meat_Poultry,-11.1,0,169
Meat_Poultry,-1.0,1,3
Hard_Cheese,18.0,0,5
Fruits,-17.7,1,119
Hard_Cheese,5.8,1,20
Fruits,21.0,1,3
Meat_Poultry,7.5,0,5
Meat_Poultry,-15.2,1,89
Fruits,3.2,1,9
Cooked_Meals,-24.4,1,41
Hard_Cheese,-1.3,0,33
Fermented_Dairy,18.9,0,3
Fruits,-11.7,0,213
Cooked_Meals,19.3,1,1
Meat_Poultry,-12.5,0,201
Fermented_Dairy,18.9,1,1
Liquid_Dairy,23.0,0,1
Cooked_Meals,-5.8,1,1
Vegetables,7.0,0,11
Vegetables,1.9,1,10
Hard_Cheese,18.1,1,3
Hard_Cheese,5.1,1,22
Liquid_Dairy,18.0,0,1
Liquid_Dairy,1.1,0,11
Vegetables,-15.9,0,255
Fermented_Dairy,13.0,1,3
Fermented_Dairy,6.0,1,9
Cooked_Meals,3.3,0,4
Cooked_Meals,19.5,1,1
Meat_Poultry,1.9,1,2
Vegetables,10.6,1,5
Hard_Cheese,9.1,0,20
Fruits,20.0,0,6
Fruits,2.9,0,14
Meat_Poultry,-15.4,1,81
Vegetables,22.7,0,5
Fruits,0.8,0,13
Cooked_Meals,8.2,1,1
Cooked_Meals,17.8,0,1
Cooked_Meals,-0.3,1,2
Fruits,-15.2,1,106
Hard_Cheese,-1.6,1,29
Fermented_Dairy,11.4,1,4
Liquid_Dairy,24.8,0,1
Fruits,21.1,0,6
Cooked_Meals,14.6,1,1
Meat_Poultry,8.2,0,5
Fruits,-0.8,0,15
Fruits,8.4,0,10
Vegetables,-20.3,0,245
Fruits,4.1,0,15
Cooked_Meals,16.6,0,1
Hard_Cheese,2.0,0,26
Fruits,24.9,0,6
Fruits,-24.6,1,136
Meat_Poultry,-21.6,1,83
Vegetables,2.2,0,16
Fermented_Dairy,19.4,1,2
Cooked_Meals,22.2,1,1
Meat_Poultry,-19.5,1,78
Hard_Cheese,-12.0,0,89
Fermented_Dairy,-16.9,1,43
Vegetables,10.1,0,7
Vegetables,12.6,0,4
Hard_Cheese,-12.3,1,44
Liquid_Dairy,-9.5,0,10
Meat_Poultry,-21.3,1,84
Fruits,10.7,1,4
Cooked_Meals,22.6,0,1
Liquid_Dairy,-13.1,1,48
Fermented_Dairy,7.5,0,10
Meat_Poultry,12.5,0,2
Meat_Poultry,-19.6,0,163
Meat_Poultry,14.0,1,1
Liquid_Dairy,11.4,1,1
Cooked_Meals,-4.0,1,1
Hard_Cheese,-4.9,0,30
Vegetables,23.0,1,2
Cooked_Meals,-13.4,0,94
Fermented_Dairy,0.0,1,10
Fruits,-5.5,0,14
Fruits,22.1,0,5
Liquid_Dairy,13.5,1,1
Fruits,1.7,1,11
Fruits,-6.3,0,12
Vegetables,-0.1,0,14
Hard_Cheese,22.7,1,3
Cooked_Meals,-7.7,0,4
Fruits,-13.7,0,255
Vegetables,-14.1,1,108
Fermented_Dairy,-15.6,1,51
Hard_Cheese,-8.0,1,29
Meat_Poultry,1.6,0,7
Fruits,-1.5,1,10
Cooked_Meals,-8.6,0,3
Meat_Poultry,9.6,0,4
Fruits,-11.2,1,124
Meat_Poultry,16.5,0,1
Meat_Poultry,5.5,1,3
Fruits,-11.8,0,235
Fruits,-12.3,0,269
Fruits,23.7,1,3
Meat_Poultry,-10.6,0,162
Vegetables,-10.9,0,248
Hard_Cheese,-6.7,1,31
Meat_Poultry,9.6,0,4
Meat_Poultry,-19.6,0,191
Cooked_Meals,7.2,1,1
Fermented_Dairy,-4.6,0,14
Cooked_Meals,12.0,0,2
Fermented_Dairy,-19.4,0,91
Hard_Cheese,-19.2,0,91
Hard_Cheese,2.4,0,29
Meat_Poultry,-15.3,0,181
Meat_Poultry,-0.5,1,3
Fermented_Dairy,10.1,0,7
Fruits,-14.0,0,265
Liquid_Dairy,10.6,0,5
Fruits,7.2,0,11
Vegetables,-9.0,1,8
Fruits,-13.8,0,249
Fermented_Dairy,15.1,0,3
Cooked_Meals,-0.6,1,2
Fruits,17.6,0,5
Vegetables,-1.7,0,15
Fermented_Dairy,16.2,1,1
Cooked_Meals,-7.6,0,4
Liquid_Dairy,-12.8,0,79
Fruits,7.9,1,6
Vegetables,21.5,0,6
Hard_Cheese,6.1,0,23
Liquid_Dairy,7.5,1,2
Fruits,-2.9,0,13
Vegetables,12.3,1,3
Fermented_Dairy,-4.4,0,13
Vegetables,-20.4,1,128
Cooked_Meals,-7.5,0,4
Fruits,-24.6,1,134
Vegetables,-15.2,0,211
Hard_Cheese,-23.0,0,103
Fermented_Dairy,-1.4,1,9
Hard_Cheese,3.0,0,27
Meat_Poultry,-23.6,0,182
Fruits,-10.4,0,239
Hard_Cheese,-23.2,1,40
Vegetables,15.2,0,6
Fermented_Dairy,-17.6,0,96
Vegetables,8.0,1,7
Vegetables,-15.4,0,237
Fruits,22.0,0,5
Vegetables,-17.4,1,106
Hard_Cheese,-15.3,1,51
Fermented_Dairy,-18.7,1,51
Vegetables,9.2,1,5
Vegetables,-16.2,1,121
Fruits,-19.5,1,122
Liquid_Dairy,-9.4,1,3
Fermented_Dairy,-0.4,1,10
Fruits,-9.4,1,11
Fruits,3.8,1,11
Fermented_Dairy,-0.3,0,15
Liquid_Dairy,7.0,1,2
Meat_Poultry,-17.0,0,166
Fermented_Dairy,-10.6,1,49
Meat_Poultry,-13.5,0,195
Cooked_Meals,13.6,0,1
Vegetables,24.9,0,5
Vegetables,3.2,1,10
Fermented_Dairy,-16.7,1,41
Cooked_Meals,-4.7,1,2
Liquid_Dairy,3.1,1,3
Fruits,6.4,1,9
Vegetables,7.5,0,12
Fermented_Dairy,-11.0,1,47
Hard_Cheese,-17.2,0,93
Liquid_Dairy,19.8,0,1
Cooked_Meals,-3.4,1,1
Meat_Poultry,14.6,1,1
Vegetables,-7.9,0,12
Cooked_Meals,-7.7,1,1
Hard_Cheese,18.2,0,6
Meat_Poultry,16.6,0,1
Meat_Poultry,-23.4,1,103
Fruits,-5.1,1,10
Vegetables,-20.4,0,258
Liquid_Dairy,-11.9,1,47
Meat_Poultry,-0.9,0,6
Fruits,-3.0,0,13
Meat_Poultry,6.5,1,3
Cooked_Meals,-8.9,0,4
Meat_Poultry,-22.2,0,173
Cooked_Meals,-3.2,1,1
Cooked_Meals,7.4,0,3
Cooked_Meals,-14.0,1,42
Fermented_Dairy,-1.2,0,15
Liquid_Dairy,-21.0,1,46
Liquid_Dairy,-6.5,0,9
Cooked_Meals,-24.0,1,42
Hard_Cheese,17.3,1,3
Vegetables,24.8,1,3
Fermented_Dairy,-7.1,0,14
Vegetables,-14.8,0,205
Vegetables,8.2,0,9
Meat_Poultry,-23.0,0,195
Fermented_Dairy,5.3,0,11
Meat_Poultry,5.3,1,2
Liquid_Dairy,5.2,0,8
Liquid_Dairy,3.3,1,3
Hard_Cheese,-12.6,0,91
Hard_Cheese,-3.4,1,29
Fruits,6.8,1,7
Meat_Poultry,-2.6,1,3
Fruits,12.9,1,3
Fermented_Dairy,-14.4,0,96
Meat_Poultry,-18.7,0,192
Hard_Cheese,23.4,0,6
Liquid_Dairy,-12.4,1,49
Meat_Poultry,-7.3,0,7
Vegetables,11.8,1,4
Meat_Poultry,10.1,0,4
Meat_Poultry,-20.0,1,93
Cooked_Meals,13.9,0,1
Fermented_Dairy,-11.0,1,41
Hard_Cheese,23.1,1,3
Fruits,14.5,0,3
Fruits,18.0,0,6
Cooked_Meals,-23.2,0,81
Fermented_Dairy,-21.1,0,95
Vegetables,11.5,0,6
Liquid_Dairy,-15.1,1,48
Fermented_Dairy,25.0,0,3
Cooked_Meals,-7.4,0,4
Fruits,8.3,0,9
Fermented_Dairy,14.3,1,2
Vegetables,-17.7,1,121
Cooked_Meals,-24.4,0,96
Fermented_Dairy,-11.7,1,41
Cooked_Meals,23.9,1,1
Hard_Cheese,-5.9,0,31
Meat_Poultry,10.3,0,3
Vegetables,-24.0,1,110
Meat_Poultry,-5.0,1,3
Hard_Cheese,0.3,1,30
Vegetables,-24.3,0,263
Vegetables,15.0,0,3
Vegetables,3.4,0,15
Hard_Cheese,3.2,1,23
Fermented_Dairy,-17.9,0,98
Fermented_Dairy,9.3,0,7
Liquid_Dairy,6.3,1,3
Fermented_Dairy,-6.2,1,11
Cooked_Meals,17.7,1,1
Cooked_Meals,6.2,0,3
Fermented_Dairy,-10.0,0,80
Cooked_Meals,4.5,0,3
Hard_Cheese,-17.4,0,94
Fermented_Dairy,-24.8,0,88
Cooked_Meals,4.5,0,3
Cooked_Meals,-14.3,1,43
Fermented_Dairy,0.7,1,9
Fruits,-17.2,0,215
Fermented_Dairy,-6.6,1,9
Fermented_Dairy,-13.9,1,44
Fermented_Dairy,1.7,0,12
Cooked_Meals,-2.6,1,2
Hard_Cheese,4.1,1,30
Vegetables,-11.2,0,241
Hard_Cheese,3.6,0,31
Liquid_Dairy,17.9,1,1
Meat_Poultry,1.8,1,3
Hard_Cheese,16.6,1,3
Liquid_Dairy,6.7,0,9
Fermented_Dairy,-5.9,0,15
Liquid_Dairy,-19.8,0,99
Liquid_Dairy,20.9,1,1
Fermented_Dairy,5.8,1,8
Meat_Poultry,-13.2,0,203
Vegetables,3.7,1,11
Fermented_Dairy,-20.2,1,41
Hard_Cheese,6.2,1,22
Vegetables,-3.8,0,15
Meat_Poultry,-9.3,0,7
Vegetables,-10.9,1,120
Meat_Poultry,7.9,1,2
Cooked_Meals,4.1,1,2
Cooked_Meals,1.6,1,1
Fermented_Dairy,19.4,1,2
Fruits,1.8,0,14
Meat_Poultry,-2.3,1,3
Vegetables,-10.3,1,137
Liquid_Dairy,14.1,1,1
Cooked_Meals,-13.6,1,50
Fruits,-16.2,0,271
Fermented_Dairy,-20.0,1,42
Liquid_Dairy,-13.3,0,90
Hard_Cheese,-3.7,1,29
Hard_Cheese,1.0,0,28
Vegetables,-14.3,0,276
Vegetables,0.9,1,10
Meat_Poultry,22.5,1,1
Meat_Poultry,2.3,0,7
Meat_Poultry,-5.7,1,3
Fermented_Dairy,5.9,1,9
Meat_Poultry,-10.1,1,90
Hard_Cheese,15.8,1,3
Hard_Cheese,12.0,1,9
Meat_Poultry,11.2,1,1
Vegetables,-13.4,0,225
Cooked_Meals,11.1,0,2
Fruits,-4.5,0,15
Cooked_Meals,-4.2,1,2
Cooked_Meals,6.0,0,3
Fruits,-18.4,0,217
Fermented_Dairy,21.5,0,3
Meat_Poultry,-9.0,0,8
Fruits,10.6,1,4
Fermented_Dairy,-16.3,1,49
Liquid_Dairy,-9.1,0,9
Fruits,15.9,1,3
Hard_Cheese,8.4,0,18
Liquid_Dairy,12.8,0,3
Meat_Poultry,13.3,0,2
Fermented_Dairy,-13.5,0,94
Cooked_Meals,-12.2,0,89
Liquid_Dairy,-4.4,1,3
Cooked_Meals,-22.2,0,92
Vegetables,6.8,1,9
Liquid_Dairy,-4.7,1,3
Cooked_Meals,-7.2,0,4
Hard_Cheese,-7.9,0,33
Cooked_Meals,-24.3,1,45
Liquid_Dairy,-22.1,0,100
Vegetables,10.4,1,4
Fruits,-8.2,1,9
Vegetables,11.3,1,4
Vegetables,17.6,1,2
Fermented_Dairy,9.7,0,7
Hard_Cheese,-7.0,1,25
Fruits,4.2,1,10
Meat_Poultry,-8.6,0,6
Fruits,-13.9,0,231
Cooked_Meals,-4.1,0,4
Cooked_Meals,-9.1,0,4
Vegetables,-19.3,1,103
Cooked_Meals,-21.6,1,48
Hard_Cheese,-17.5,0,102
Meat_Poultry,-4.1,0,7
Fermented_Dairy,12.1,0,5
Fermented_Dairy,-3.5,0,16
Liquid_Dairy,-12.9,1,47
Cooked_Meals,-8.8,1,1
Hard_Cheese,-24.2,0,89
Vegetables,11.2,1,4
Fermented_Dairy,9.9,1,5
Fruits,23.7,1,3
Fermented_Dairy,-8.4,1,11
Cooked_Meals,-12.0,1,47
Hard_Cheese,7.1,0,20
Fruits,18.4,0,5
Vegetables,-6.5,0,15
Fermented_Dairy,15.0,0,3
Liquid_Dairy,-8.2,0,9
Liquid_Dairy,2.9,0,10
Hard_Cheese,-16.1,0,98
Meat_Poultry,24.4,0,1
Fruits,-12.5,0,249
Meat_Poultry,14.2,0,2
Meat_Poultry,9.5,1,1
Fruits,-13.6,1,132
Meat_Poultry,23.4,1,1
Cooked_Meals,0.9,0,4
Cooked_Meals,-0.2,1,2
Cooked_Meals,-20.5,0,90
Hard_Cheese,-11.5,1,40
Vegetables,6.2,1,9
Hard_Cheese,-2.0,1,27
Meat_Poultry,-21.8,0,201
Meat_Poultry,4.0,0,6
Vegetables,-5.7,1,11
Meat_Poultry,-12.5,1,83
Meat_Poultry,4.8,1,3
Cooked_Meals,-8.2,1,2
Hard_Cheese,-7.4,1,24
Cooked_Meals,-8.9,1,2
Liquid_Dairy,-24.8,1,49
Fermented_Dairy,-9.9,1,11
Fermented_Dairy,17.8,0,3
Fermented_Dairy,20.8,1,1
Cooked_Meals,21.4,0,1
Hard_Cheese,1.6,0,34
Hard_Cheese,0.5,0,33
Cooked_Meals,-21.8,0,95
Fruits,8.8,1,6
Vegetables,1.1,0,15
Fruits,10.1,0,7
Hard_Cheese,-13.5,1,39
Vegetables,9.0,1,6
Fermented_Dairy,-9.3,0,14
Meat_Poultry,14.4,0,1
Cooked_Meals,-15.3,0,78
Fruits,-13.5,1,129
Meat_Poultry,19.9,0,1
Fruits,17.7,0,5
Vegetables,-12.0,0,270
Hard_Cheese,-20.9,0,93
Cooked_Meals,-15.6,1,46
Cooked_Meals,-7.5,0,4
Vegetables,6.9,0,12
Hard_Cheese,-5.0,0,32
Meat_Poultry,-11.8,0,178
Vegetables,9.7,1,5
Vegetables,17.8,0,5
Cooked_Meals,-10.3,0,89
Vegetables,-20.1,0,209
Liquid_Dairy,-10.7,0,88
Cooked_Meals,1.3,1,2
Vegetables,15.2,0,5
Vegetables,-19.5,0,231
Meat_Poultry,-4.0,0,7
Meat_Poultry,-18.8,1,103
Hard_Cheese,23.4,1,3
Liquid_Dairy,-16.8,1,49
Fermented_Dairy,-23.4,0,99
Hard_Cheese,17.3,1,3
Meat_Poultry,-15.9,0,155
Fermented_Dairy,4.2,0,15
Vegetables,-11.4,1,119
Hard_Cheese,-5.2,0,26
Vegetables,-6.7,1,9
Meat_Poultry,24.0,1,1
Fermented_Dairy,-21.7,1,47
Meat_Poultry,10.4,1,1
Meat_Poultry,-10.1,0,190
Liquid_Dairy,-13.7,1,51
Cooked_Meals,1.2,1,2
Fermented_Dairy,-17.5,0,84
Liquid_Dairy,5.1,1,3
Hard_Cheese,21.3,0,6
Fermented_Dairy,-0.7,1,11
Vegetables,20.3,0,6
Fruits,-15.4,1,117
Vegetables,1.0,0,14
Hard_Cheese,5.1,1,24
Liquid_Dairy,-1.8,1,3
Hard_Cheese,-21.1,0,91
Fruits,-7.8,0,13
Vegetables,-17.6,0,234
Fermented_Dairy,16.4,0,3
Fermented_Dairy,-23.9,1,45
Vegetables,16.5,1,3
Vegetables,-21.8,1,110
Hard_Cheese,6.9,1,21
Vegetables,-18.2,1,135
Cooked_Meals,-10.3,1,50
Cooked_Meals,-7.5,0,4
Liquid_Dairy,-13.2,1,44
Meat_Poultry,17.2,0,1
Hard_Cheese,4.2,0,30
Hard_Cheese,-17.8,1,48
Meat_Poultry,-10.3,0,169
Fermented_Dairy,8.4,0,10
Cooked_Meals,17.1,1,1
Fermented_Dairy,-11.5,1,51
Meat_Poultry,14.5,0,1
Hard_Cheese,10.4,1,12
Vegetables,-18.2,0,210
Fermented_Dairy,-15.3,0,77
Fermented_Dairy,7.8,0,9
Fruits,-12.8,0,239
Fruits,1.2,0,13
Hard_Cheese,-24.2,1,39
Meat_Poultry,-25.0,0,172
Vegetables,-13.6,1,103
Cooked_Meals,10.9,0,2
Vegetables,17.7,1,2
Cooked_Meals,8.8,1,1
Fruits,-22.4,1,110
Vegetables,6.0,1,9
Meat_Poultry,-8.5,0,8
Liquid_Dairy,7.5,1,2
Cooked_Meals,10.7,1,1
Liquid_Dairy,-18.1,1,50
Cooked_Meals,-12.1,0,102
Vegetables,5.3,1,9
Liquid_Dairy,13.9,1,1
Fruits,18.3,0,5
Hard_Cheese,10.1,0,13
Vegetables,0.2,1,9
Meat_Poultry,17.4,1,1
Fermented_Dairy,-6.6,0,15
Cooked_Meals,22.9,0,1
Liquid_Dairy,-23.8,0,94
Fruits,4.9,1,10
Cooked_Meals,2.8,1,1
Vegetables,-2.5,1,9
Meat_Poultry,13.3,1,1
Fruits,-20.6,0,229
Fruits,2.9,0,14
Meat_Poultry,-15.7,1,78
Fermented_Dairy,7.2,1,7
Liquid_Dairy,8.4,1,2
Meat_Poultry,8.1,0,4
Fermented_Dairy,21.7,0,3
Vegetables,10.7,1,5
Fermented_Dairy,11.5,1,4
Hard_Cheese,-3.8,1,29
Hard_Cheese,-12.7,0,97
Hard_Cheese,11.8,0,11
Hard_Cheese,-17.3,0,102
Cooked_Meals,11.7,1,1
Fermented_Dairy,-0.6,1,10
Meat_Poultry,19.5,0,1
Liquid_Dairy,23.1,0,1
Hard_Cheese,-9.9,0,32
Fermented_Dairy,-2.3,1,11
Hard_Cheese,10.2,0,14
Meat_Poultry,-6.3,0,8
Vegetables,12.1,0,5
Vegetables,15.6,1,3
Cooked_Meals,16.3,1,1
Fermented_Dairy,3.8,1,10
Cooked_Meals,0.3,1,1
Vegetables,-0.8,0,16
Vegetables,-24.9,1,117
Vegetables,14.4,1,2
Cooked_Meals,-10.6,0,89
Liquid_Dairy,9.7,1,2
Fermented_Dairy,17.4,0,3
Cooked_Meals,-10.5,0,90
Cooked_Meals,16.7,0,1
Fruits,8.7,1,7
Fruits,2.6,0,15
Vegetables,-10.1,0,244
Fermented_Dairy,0.9,1,9
Hard_Cheese,22.3,0,5
Hard_Cheese,2.0,0,30
Vegetables,-16.5,0,238
Hard_Cheese,-5.2,0,33
Fruits,-13.8,1,117
Liquid_Dairy,1.0,0,10
Vegetables,-12.7,0,270
Fermented_Dairy,-20.0,0,88
Meat_Poultry,-8.4,0,7
Meat_Poultry,2.2,1,3
Fermented_Dairy,4.5,1,9
Meat_Poultry,6.7,0,5
Fruits,-18.1,1,129
Cooked_Meals,-17.2,0,103
Vegetables,24.5,1,3
Liquid_Dairy,-8.2,1,3
Fruits,-20.8,0,253
Hard_Cheese,-17.5,0,94
Cooked_Meals,15.7,1,1
Fermented_Dairy,-19.2,1,45
Fruits,-9.2,1,9
Hard_Cheese,4.2,0,28
Cooked_Meals,6.1,0,3
Fermented_Dairy,-15.1,0,87
Meat_Poultry,-22.1,1,85
Fruits,-4.2,0,16
Fermented_Dairy,22.8,1,1
Fruits,24.9,0,6
Fermented_Dairy,23.2,0,3
Fruits,19.9,0,5
Meat_Poultry,12.0,1,1
Hard_Cheese,17.4,0,6
Meat_Poultry,18.7,0,1
Hard_Cheese,-1.1,1,27
Liquid_Dairy,-9.5,1,3
Fruits,7.4,0,11
Fruits,-22.0,1,122
Liquid_Dairy,-3.6,0,9
Meat_Poultry,-8.2,0,8
Liquid_Dairy,-15.2,1,52
Vegetables,-11.2,1,130
Meat_Poultry,-16.0,1,91
Vegetables,24.2,0,5
Vegetables,13.2,1,3
Hard_Cheese,0.3,1,31
Hard_Cheese,-15.7,1,50
Liquid_Dairy,-8.7,0,10
Fruits,-13.5,1,130
Liquid_Dairy,-15.6,0,100
Vegetables,5.8,1,9
Fruits,23.4,0,6
Liquid_Dairy,3.4,0,11
Liquid_Dairy,-23.2,1,49
Hard_Cheese,-9.4,1,30
Meat_Poultry,19.8,1,1
Fermented_Dairy,-22.5,0,91
Fruits,-6.6,1,9
Fermented_Dairy,-4.4,0,14
Vegetables,13.5,0,3
Hard_Cheese,-21.3,0,78
Fruits,13.4,0,3
Liquid_Dairy,15.4,1,1
Hard_Cheese,20.2,0,6
Fruits,20.2,1,3
Cooked_Meals,6.6,0,4
Vegetables,-17.7,1,130
Vegetables,14.1,1,2
Hard_Cheese,4.8,0,31
Vegetables,20.4,1,3
Hard_Cheese,20.4,0,6
Fruits,7.3,0,10
Liquid_Dairy,-24.1,0,92
Fruits,-12.8,1,136
Meat_Poultry,-21.3,0,195
Fruits,20.9,0,6
Fruits,1.8,1,11
Meat_Poultry,12.0,0,2
Liquid_Dairy,-15.6,1,47
Vegetables,-7.4,0,16
Fermented_Dairy,-20.5,0,83
Cooked_Meals,-21.4,0,101
Cooked_Meals,-2.5,0,4
Liquid_Dairy,16.4,1,1
Fruits,16.8,1,3
Liquid_Dairy,5.6,0,10
Meat_Poultry,16.9,1,1
Fermented_Dairy,-23.3,0,95
Cooked_Meals,9.5,1,1
Meat_Poultry,1.9,1,3
Liquid_Dairy,6.2,1,3
Hard_Cheese,2.0,0,32
Fermented_Dairy,-1.7,1,9
Vegetables,-22.6,1,134
Fruits,5.8,1,8
Fruits,10.3,0,7
Fermented_Dairy,-7.4,1,11
Fruits,2.9,0,13
Fruits,1.1,0,12
Liquid_Dairy,-1.4,1,3
Fruits,-12.5,1,130
Liquid_Dairy,-21.5,0,85
Meat_Poultry,-5.0,1,3
Vegetables,-8.5,0,15
Cooked_Meals,24.9,1,1
Meat_Poultry,-9.6,0,7
Cooked_Meals,21.3,0,1
Fermented_Dairy,-15.3,0,84
Vegetables,16.8,1,3
Fermented_Dairy,8.3,1,6
Meat_Poultry,-0.0,1,2
Meat_Poultry,-3.4,0,7
Hard_Cheese,-1.8,0,28
Hard_Cheese,-18.0,1,48
Vegetables,-21.8,1,132
Liquid_Dairy,-23.7,0,88
Fermented_Dairy,-24.5,0,88
Vegetables,-10.9,0,217
Cooked_Meals,-17.8,0,97
Fermented_Dairy,22.3,0,3
Cooked_Meals,-16.5,1,42
Fruits,15.2,1,3
Vegetables,24.8,1,3
Cooked_Meals,-3.8,0,4
Hard_Cheese,2.1,0,28
Vegetables,5.6,1,8
Hard_Cheese,-9.0,0,32
Fruits,8.6,0,8
Meat_Poultry,-10.2,0,187
Fruits,-17.4,0,244
Hard_Cheese,15.7,0,5
Cooked_Meals,-10.6,1,51
Cooked_Meals,-16.9,1,41
Liquid_Dairy,22.5,0,1
Meat_Poultry,2.9,0,7
Cooked_Meals,-4.9,1,2
Liquid_Dairy,5.3,0,8
Vegetables,15.1,1,3
Meat_Poultry,22.3,0,1
Vegetables,-7.5,0,15
Vegetables,3.7,1,9
Hard_Cheese,4.7,1,26
Vegetables,21.6,1,2
Vegetables,4.9,0,13
Fruits,1.7,0,15
Fruits,24.7,0,6
Cooked_Meals,-22.1,1,42
Cooked_Meals,13.4,1,1
Liquid_Dairy,-1.1,1,3
Fermented_Dairy,-8.9,0,15
Fruits,-17.0,1,128
Fruits,-13.8,1,121
Fermented_Dairy,16.1,0,3
Hard_Cheese,7.6,1,20
Fermented_Dairy,-13.7,1,48
Hard_Cheese,3.3,1,23
Cooked_Meals,3.3,0,4
Cooked_Meals,-2.8,1,1
Fermented_Dairy,13.5,1,3
Fruits,-6.2,0,15
Fermented_Dairy,19.0,0,3
Meat_Poultry,14.9,1,1
Meat_Poultry,-4.1,0,7
Fermented_Dairy,-5.3,0,14
Vegetables,-19.1,1,131
Liquid_Dairy,-12.9,0,98
Cooked_Meals,-11.6,0,90
Liquid_Dairy,-16.5,1,47
Hard_Cheese,12.1,1,10
Cooked_Meals,19.4,0,1
Cooked_Meals,-10.5,0,78
Cooked_Meals,1.5,1,2
Vegetables,14.6,1,2
Fermented_Dairy,-7.4,1,9
Cooked_Meals,20.2,0,1
Meat_Poultry,-9.8,0,8
Fermented_Dairy,-16.3,1,42
Hard_Cheese,-3.7,1,30
Vegetables,15.8,1,2
Fruits,-18.3,1,102
Fruits,-6.5,1,11
Fruits,-3.8,0,14
Liquid_Dairy,12.1,1,1
Cooked_Meals,21.3,0,1
Vegetables,12.0,0,6
Fruits,8.3,0,9
Cooked_Meals,-6.3,1,2
Meat_Poultry,-16.7,1,93
Fermented_Dairy,23.6,0,3
Meat_Poultry,-14.4,1,97
Meat_Poultry,-23.4,1,86
Fermented_Dairy,-5.6,1,9
Fermented_Dairy,-20.8,0,90
Vegetables,5.8,0,13
Fruits,-3.4,0,16
Fermented_Dairy,24.9,1,1
Hard_Cheese,-18.7,0,93
Cooked_Meals,5.3,1,1
Hard_Cheese,-15.3,1,38
Fruits,-5.0,0,13
Meat_Poultry,13.8,1,1
Fermented_Dairy,-14.4,1,45
Liquid_Dairy,-5.5,1,3
Fruits,17.9,0,5
Fruits,7.0,0,9
Fruits,12.5,0,4
Cooked_Meals,-18.5,1,43
Vegetables,16.3,1,2
Hard_Cheese,-7.2,0,32
Meat_Poultry,24.3,0,1
Fermented_Dairy,18.9,0,3
Meat_Poultry,4.3,1,3
Hard_Cheese,19.5,1,3
Meat_Poultry,-18.1,0,167
Meat_Poultry,20.9,1,1
Cooked_Meals,24.4,1,1
Cooked_Meals,22.2,1,1
Cooked_Meals,22.2,1,1
Meat_Poultry,-15.3,1,80
Fermented_Dairy,20.7,1,1
Cooked_Meals,-24.4,1,40
Fruits,23.1,1,2
Hard_Cheese,-13.0,0,90
Fruits,6.4,1,7
Cooked_Meals,23.9,0,1
Cooked_Meals,-4.0,0,4
Fermented_Dairy,-24.0,0,85
Hard_Cheese,-21.9,0,88
Cooked_Meals,-0.6,0,4
Liquid_Dairy,16.0,1,1
Cooked_Meals,-19.5,1,49
Meat_Poultry,4.0,1,3
Vegetables,3.5,1,10
Hard_Cheese,3.0,1,24
Fermented_Dairy,8.7,0,9
Fruits,-19.0,0,221
Meat_Poultry,19.1,0,1
Meat_Poultry,15.2,0,1
Hard_Cheese,7.7,0,20
Cooked_Meals,7.2,0,3
Vegetables,17.4,1,3
Fermented_Dairy,-3.0,0,14
Cooked_Meals,11.7,1,1
Fruits,-0.8,0,16
Fruits,-1.4,1,11
Fermented_Dairy,3.5,0,15
Cooked_Meals,-22.5,1,43
Fermented_Dairy,24.5,0,3
Fruits,2.3,0,15
Fruits,-17.3,1,121
Fruits,-2.5,1,11
Fruits,-21.2,1,122
Fermented_Dairy,-1.6,0,16
Fruits,-13.2,1,129
Cooked_Meals,6.0,1,1
Meat_Poultry,-20.7,1,92
Liquid_Dairy,5.7,1,3
Vegetables,-5.2,0,12
Meat_Poultry,0.6,0,7
Liquid_Dairy,5.2,1,3
Hard_Cheese,9.3,0,16
Hard_Cheese,18.4,0,6
Hard_Cheese,13.0,0,8
Meat_Poultry,18.5,0,1
Liquid_Dairy,-0.7,0,9
Fruits,-22.6,1,134
Fermented_Dairy,-24.0,1,46
Fermented_Dairy,-4.5,0,16
Vegetables,10.5,0,7
Vegetables,14.8,1,2
Cooked_Meals,9.4,0,2
Meat_Poultry,18.1,0,1
Fermented_Dairy,-5.5,1,10
Fruits,-15.0,1,116
Meat_Poultry,-18.6,0,198
Meat_Poultry,1.3,0,8
Hard_Cheese,16.9,0,6
Fruits,-16.6,1,106
Vegetables,24.8,0,6
Meat_Poultry,-5.4,0,8
Fermented_Dairy,-12.6,0,98
Hard_Cheese,24.9,0,5
Fruits,6.8,0,10
Meat_Poultry,-9.6,1,3
Fermented_Dairy,-23.8,0,77
Hard_Cheese,-18.7,0,79
Vegetables,18.2,0,6
Liquid_Dairy,19.4,0,1
Fruits,9.5,0,9
Cooked_Meals,2.1,1,2
Fermented_Dairy,-12.5,1,47
Hard_Cheese,-8.8,1,25
Fruits,5.8,1,9
Fermented_Dairy,1.5,0,16
Meat_Poultry,21.1,0,1
Cooked_Meals,-0.9,1,1
Liquid_Dairy,6.1,0,9
Hard_Cheese,-17.5,1,44
Meat_Poultry,5.8,1,2
Meat_Poultry,-15.3,1,98
Vegetables,-12.5,0,215
Vegetables,-17.1,1,136
Meat_Poultry,-6.1,1,3
Hard_Cheese,0.9,1,27
Cooked_Meals,14.5,0,1
Fruits,-19.9,1,135
Meat_Poultry,-12.0,0,168
Fermented_Dairy,-0.6,0,14
Cooked_Meals,-12.4,0,89
Fruits,21.3,0,6
Cooked_Meals,20.6,0,1
Fruits,16.4,0,5
Liquid_Dairy,-14.3,1,45
Fruits,-15.6,1,127
Hard_Cheese,22.1,1,3
Fruits,20.0,1,3
Hard_Cheese,8.1,0,22
Fruits,7.5,1,7
Meat_Poultry,7.4,0,5
Cooked_Meals,24.8,0,1
Fermented_Dairy,24.5,1,1
Hard_Cheese,-9.1,1,24
Fruits,10.3,0,8
Fermented_Dairy,-14.4,0,98
Cooked_Meals,-10.5,1,40
Liquid_Dairy,5.2,1,3
Fruits,-20.9,0,219
Fruits,-14.3,1,132
Hard_Cheese,14.4,0,7
Hard_Cheese,-20.3,1,39
Fermented_Dairy,-6.1,1,11
Fermented_Dairy,-1.1,1,10
Liquid_Dairy,-20.7,0,91
Fermented_Dairy,5.2,1,8
Fruits,0.7,0,15
Vegetables,6.9,0,12
Vegetables,-17.2,0,257
Fermented_Dairy,-2.1,0,15
Vegetables,17.7,1,3
Vegetables,5.0,1,8
Liquid_Dairy,-5.5,1,3
Meat_Poultry,8.2,1,2
Cooked_Meals,19.2,1,1
Fruits,-7.6,1,10
Liquid_Dairy,-6.4,0,10
Liquid_Dairy,13.1,1,1
Cooked_Meals,22.8,1,1
Vegetables,10.7,1,4
Hard_Cheese,8.5,1,16
Liquid_Dairy,-14.2,1,41
Hard_Cheese,-1.9,0,34
Hard_Cheese,21.8,1,3
Vegetables,10.5,0,7
Hard_Cheese,11.7,0,12
Cooked_Meals,-4.8,1,1
Fruits,2.2,0,15
Fruits,-6.1,0,16
Fermented_Dairy,-8.2,0,15
Vegetables,4.2,1,11
Cooked_Meals,-11.0,0,99
Meat_Poultry,23.9,0,1
Liquid_Dairy,16.4,0,1
Vegetables,-15.6,0,265
Cooked_Meals,18.5,1,1
Fermented_Dairy,7.4,0,11
Vegetables,-20.2,0,216
Fruits,21.1,1,3
Vegetables,-10.9,1,126
Hard_Cheese,8.6,0,19
Cooked_Meals,20.8,0,1
Liquid_Dairy,-14.9,1,46
Fruits,-6.3,1,11
Fruits,22.3,0,5
Cooked_Meals,24.3,0,1
Hard_Cheese,-1.5,0,30
Vegetables,7.0,0,12
Cooked_Meals,-5.7,0,4
Vegetables,-3.8,0,14
Meat_Poultry,-3.5,1,3
Cooked_Meals,-24.1,0,77
Cooked_Meals,-14.8,0,98
Meat_Poultry,5.3,0,6
Meat_Poultry,16.0,0,1
Hard_Cheese,3.0,1,29
Hard_Cheese,9.6,0,18
Vegetables,21.9,1,3
Liquid_Dairy,-23.5,0,94
Fermented_Dairy,-16.8,1,47
Vegetables,-13.0,1,123
Hard_Cheese,22.1,0,6
Cooked_Meals,21.5,0,1
Hard_Cheese,15.8,0,6
Liquid_Dairy,-24.6,0,85
Fermented_Dairy,2.7,1,9
Liquid_Dairy,10.3,0,6
Meat_Poultry,9.6,0,4
Fruits,-23.0,0,266
Liquid_Dairy,19.1,1,1
Liquid_Dairy,20.8,1,1
Cooked_Meals,12.4,0,1
Vegetables,-3.5,1,9
Fruits,24.7,0,6
Fermented_Dairy,-11.1,0,93
Hard_Cheese,-6.5,0,33
Vegetables,0.4,0,15
Cooked_Meals,-13.1,0,100
Hard_Cheese,-2.1,1,26
Liquid_Dairy,9.1,1,2
Liquid_Dairy,17.3,1,1
Liquid_Dairy,-0.2,1,3
Vegetables,12.3,0,4
Fruits,23.4,0,6
Liquid_Dairy,16.9,1,1
Vegetables,11.8,0,5
Fermented_Dairy,-3.5,1,11
Meat_Poultry,-13.5,1,94
Fermented_Dairy,0.5,0,13
Vegetables,-21.4,1,108
Fermented_Dairy,-5.7,0,12
Fruits,17.8,1,3
Liquid_Dairy,-21.5,1,39
Hard_Cheese,-9.9,1,24
Liquid_Dairy,-7.4,0,10
Fruits,-19.0,1,135
Liquid_Dairy,-17.0,1,49
Fruits,-19.7,0,263
Liquid_Dairy,19.2,1,1
Fermented_Dairy,-6.6,1,11
Fermented_Dairy,8.9,1,7
Cooked_Meals,-0.7,1,2
Fruits,-11.6,1,132
Vegetables,3.4,0,13
Fruits,-1.0,0,16
Vegetables,15.7,1,2
Fruits,14.2,0,3
Hard_Cheese,11.6,1,11
Hard_Cheese,-23.8,0,85
Fruits,-6.7,1,11
Fermented_Dairy,-5.6,1,8
Meat_Poultry,8.4,0,4
Vegetables,-17.0,0,226
Cooked_Meals,4.6,1,1
Cooked_Meals,15.3,0,1
Meat_Poultry,1.4,1,3
Cooked_Meals,-19.6,1,48
Fruits,24.4,0,5
Fruits,0.5,0,15
Fermented_Dairy,-21.8,1,39
Cooked_Meals,-2.7,0,4
Vegetables,11.9,1,3
Fermented_Dairy,-19.2,0,82
Hard_Cheese,21.4,0,7
Liquid_Dairy,-15.5,1,39
Hard_Cheese,-7.0,1,27
Liquid_Dairy,13.2,1,1
Fruits,-10.5,0,244
Cooked_Meals,-9.7,0,4
Liquid_Dairy,1.4,0,11
Cooked_Meals,18.0,1,1
Hard_Cheese,14.2,0,6
Cooked_Meals,5.8,0,3
Liquid_Dairy,-12.0,1,47
Cooked_Meals,12.6,1,1
Fermented_Dairy,-12.4,1,49
Fruits,1.7,0,14
Fruits,2.3,0,13
Cooked_Meals,12.2,0,1
Vegetables,16.2,0,6
Vegetables,-3.2,0,16
Cooked_Meals,-14.9,1,47
Liquid_Dairy,2.2,1,3
Liquid_Dairy,23.8,0,1
Vegetables,11.9,1,4
Vegetables,21.2,0,6
Fruits,18.1,1,3
Meat_Poultry,-6.5,0,7
Fermented_Dairy,23.2,0,3
Fermented_Dairy,-21.9,1,38
Fermented_Dairy,-1.9,0,13
Fruits,8.1,1,6
Fermented_Dairy,9.3,0,9
Liquid_Dairy,-10.0,1,42
Fermented_Dairy,19.0,0,3
Cooked_Meals,13.5,0,1
Fermented_Dairy,-8.6,1,11
Hard_Cheese,13.6,0,7
Hard_Cheese,22.6,1,3
Liquid_Dairy,16.0,0,1
Vegetables,24.0,1,3
Hard_Cheese,-4.6,0,28
Fermented_Dairy,-19.7,0,100
Hard_Cheese,22.1,1,3
Hard_Cheese,-22.0,0,78
Cooked_Meals,-7.6,0,4
Hard_Cheese,-14.8,0,96
Fermented_Dairy,-3.7,0,15
Cooked_Meals,18.2,1,1
Cooked_Meals,-20.3,1,50
Meat_Poultry,-1.9,0,7
Fermented_Dairy,23.2,0,3
Liquid_Dairy,6.1,0,8
Vegetables,14.8,1,2
Hard_Cheese,23.0,1,3
Liquid_Dairy,17.7,0,1
Fermented_Dairy,16.3,1,2
Fermented_Dairy,-18.3,0,92
Liquid_Dairy,-9.7,0,10
Cooked_Meals,-24.9,1,42
Vegetables,-8.8,0,14
Fermented_Dairy,-6.4,1,11
Fruits,-6.0,1,11
Fermented_Dairy,21.7,1,1
Liquid_Dairy,-6.3,1,3
Vegetables,-20.4,0,274
Vegetables,-11.7,1,112
Cooked_Meals,-1.3,1,2
Fermented_Dairy,-19.1,1,49
Vegetables,16.7,0,6
Liquid_Dairy,15.6,0,1
Cooked_Meals,-14.2,1,39
Fruits,-17.6,0,234
Hard_Cheese,4.9,0,30
Liquid_Dairy,3.8,0,10
Liquid_Dairy,-16.9,1,49
Fermented_Dairy,-11.2,0,94
Liquid_Dairy,11.8,0,4
Liquid_Dairy,21.1,1,1
Cooked_Meals,-7.5,1,2
Fermented_Dairy,-2.2,0,12
Cooked_Meals,13.1,0,1
Meat_Poultry,-21.3,0,176
Hard_Cheese,-21.2,1,46
Meat_Poultry,5.3,0,6
Liquid_Dairy,-8.6,1,3
Fermented_Dairy,-1.7,0,15
Fruits,-7.5,0,14
Fruits,-9.6,0,15
Fruits,7.6,1,7
Meat_Poultry,19.9,0,1
Fruits,6.6,0,10
Liquid_Dairy,-20.8,1,50
Meat_Poultry,-6.2,0,8
Vegetables,-18.5,0,240
Hard_Cheese,5.0,0,31
Hard_Cheese,-11.5,1,44
Hard_Cheese,0.3,1,30
Hard_Cheese,16.1,1,3
Liquid_Dairy,-6.8,1,3
Vegetables,4.5,1,10
Hard_Cheese,15.0,1,5
Fruits,-15.2,0,234
Fruits,15.1,0,5
Vegetables,-16.2,1,128
Liquid_Dairy,-11.3,0,81
Hard_Cheese,-9.2,1,26
Fermented_Dairy,8.9,1,5
Cooked_Meals,-11.7,0,80
Fermented_Dairy,8.5,0,8
Liquid_Dairy,16.2,0,1
Vegetables,24.3,1,3
Fruits,14.4,0,3
Cooked_Meals,23.4,1,1
Fermented_Dairy,-21.6,0,78
Fruits,-11.3,0,250
Vegetables,23.0,0,6
Meat_Poultry,0.1,0,8
Meat_Poultry,-8.4,1,3
Hard_Cheese,0.1,0,33
Meat_Poultry,8.3,1,2
Meat_Poultry,2.9,0,7
Fermented_Dairy,-12.0,0,93
Liquid_Dairy,14.5,0,2
Hard_Cheese,-3.7,0,27
Vegetables,7.7,1,7
Liquid_Dairy,0.9,1,3
Cooked_Meals,-22.1,0,86
Meat_Poultry,4.6,1,2
Cooked_Meals,16.3,0,1
Meat_Poultry,-3.9,0,6
Meat_Poultry,-19.1,0,198
Hard_Cheese,17.0,1,3
Hard_Cheese,11.8,0,12
Fruits,-5.1,0,16
Cooked_Meals,-20.5,1,40
Vegetables,24.3,0,6
Liquid_Dairy,7.6,0,7
Hard_Cheese,9.5,1,16
Hard_Cheese,11.8,1,11
Fruits,-12.7,1,125
Vegetables,9.7,1,5
Vegetables,-9.8,1,11
Vegetables,4.7,0,13
Vegetables,-22.0,1,119
Cooked_Meals,15.3,1,1
Cooked_Meals,-18.9,0,96
Liquid_Dairy,9.7,1,1
Hard_Cheese,18.2,1,3
Fermented_Dairy,-17.2,1,50
Cooked_Meals,-2.0,0,4
Hard_Cheese,-13.7,0,81
Liquid_Dairy,6.5,0,9
Fermented_Dairy,2.1,0,14
Fruits,-6.6,0,14
Fermented_Dairy,-12.9,0,83
Meat_Poultry,15.1,1,1
Liquid_Dairy,-18.5,0,81
Meat_Poultry,0.3,0,7
Meat_Poultry,14.8,1,1
Fruits,21.3,1,3
Hard_Cheese,-5.4,0,27
Fermented_Dairy,-16.2,1,45
Fermented_Dairy,14.6,1,2
Liquid_Dairy,13.3,1,1
Liquid_Dairy,9.8,0,6
Fermented_Dairy,-2.8,0,16
Liquid_Dairy,-0.6,0,10
Fruits,23.9,0,5
Liquid_Dairy,-12.8,1,40
Vegetables,-7.9,0,15
Vegetables,-2.0,0,14
Fermented_Dairy,4.1,1,10
Hard_Cheese,-16.8,0,101
Fermented_Dairy,-8.5,0,14
Cooked_Meals,-16.9,1,42
Vegetables,-20.1,1,126
Cooked_Meals,11.4,1,1
Fruits,-16.9,0,238
Fruits,-6.2,0,13
Vegetables,-17.3,1,110
Hard_Cheese,21.3,1,3
Fruits,3.5,0,15
Meat_Poultry,-2.2,0,7
Hard_Cheese,-10.5,1,48
Liquid_Dairy,1.9,1,3
Hard_Cheese,-18.5,0,101
Meat_Poultry,0.2,1,3
Fermented_Dairy,-24.4,1,49
Fermented_Dairy,-7.9,1,10
Hard_Cheese,15.1,1,3
Cooked_Meals,-5.2,0,4
Hard_Cheese,-3.1,1,28
Fermented_Dairy,-19.1,1,40
Hard_Cheese,-17.0,1,41
Fruits,6.6,1,8
Liquid_Dairy,19.1,0,1
Vegetables,9.2,0,8
Liquid_Dairy,-21.6,0,101
Vegetables,-11.7,1,118
Cooked_Meals,-18.5,0,79
Meat_Poultry,3.9,1,3
Fruits,12.9,0,4
Fruits,1.5,1,8
Fermented_Dairy,6.6,1,8
Fruits,20.6,0,5
Fruits,4.0,0,16
Cooked_Meals,-24.3,1,49
Fermented_Dairy,-7.3,1,10
Cooked_Meals,19.9,0,1
Fermented_Dairy,-7.3,0,13
Fermented_Dairy,21.6,1,2
Vegetables,-0.3,0,16
Hard_Cheese,-5.5,1,27
Liquid_Dairy,14.6,1,1
Vegetables,11.0,1,5
Liquid_Dairy,4.2,0,9
Fruits,-24.0,1,123
Cooked_Meals,-6.9,0,4
Fermented_Dairy,-11.4,1,39
Fermented_Dairy,-3.9,0,14
Fermented_Dairy,20.9,1,1
Cooked_Meals,-16.4,0,92
Hard_Cheese,1.4,1,27
Cooked_Meals,-2.4,0,4
Liquid_Dairy,24.3,1,1
Cooked_Meals,-7.1,0,4
Fruits,-23.8,0,245
Vegetables,8.8,1,5
Meat_Poultry,-0.7,1,3
Meat_Poultry,16.3,1,1
Hard_Cheese,3.9,0,26
Fermented_Dairy,-14.8,1,48
Fruits,18.5,0,6
Fruits,4.9,1,9
Hard_Cheese,-24.2,0,99
Hard_Cheese,-14.3,0,96
Meat_Poultry,0.8,1,3
Fruits,-0.2,0,14
Fermented_Dairy,-7.1,0,13
Hard_Cheese,-13.1,1,43
Meat_Poultry,-8.1,1,3
Meat_Poultry,-16.3,1,96
Meat_Poultry,23.5,1,1
Fruits,8.5,1,7
Fruits,7.5,1,8
Liquid_Dairy,-9.8,1,3
Vegetables,14.9,0,3
Hard_Cheese,16.8,1,3
Fermented_Dairy,-19.0,1,49
Liquid_Dairy,-12.7,0,93
Vegetables,-21.2,1,119
Fruits,13.7,1,2
Meat_Poultry,22.9,1,1
Fermented_Dairy,22.2,0,3
Meat_Poultry,-21.9,0,194
Vegetables,2.5,0,14
Fruits,-10.0,1,130
Meat_Poultry,23.1,1,1
Vegetables,16.3,0,6
Vegetables,-19.2,0,239
Cooked_Meals,-23.2,0,93
Fruits,-13.4,0,268
Cooked_Meals,-13.1,0,100
Fruits,-13.0,1,115
Fruits,9.9,0,8
Meat_Poultry,17.4,1,1
Meat_Poultry,16.1,0,1
Cooked_Meals,7.8,0,2
Fruits,-21.2,1,124
Cooked_Meals,-1.0,0,4
Fermented_Dairy,-15.7,0,103
Cooked_Meals,-13.0,0,84
Fruits,-16.6,1,134
Fruits,19.4,0,6
Vegetables,-1.0,0,14
Fruits,-24.6,1,115
Cooked_Meals,-13.6,1,44
Fermented_Dairy,-13.3,0,88
Fruits,-14.9,0,258
Vegetables,16.1,1,3
Vegetables,1.0,1,11
Cooked_Meals,8.0,0,3
Liquid_Dairy,-23.2,1,43
Cooked_Meals,3.5,1,2
Cooked_Meals,23.3,1,1
Liquid_Dairy,-21.4,1,42
Cooked_Meals,24.3,1,1
Meat_Poultry,1.6,0,6
Fermented_Dairy,15.9,1,2
Liquid_Dairy,-6.3,0,9
Fruits,18.2,1,3
Vegetables,-1.7,0,13
Liquid_Dairy,-13.1,1,42
Meat_Poultry,-7.4,1,3
Vegetables,-24.7,1,123
Meat_Poultry,13.5,1,1
Fruits,16.2,1,2
Liquid_Dairy,15.0,1,1
Fermented_Dairy,17.5,0,3
Vegetables,20.8,0,6
Hard_Cheese,-21.1,1,47
Cooked_Meals,17.9,1,1
Liquid_Dairy,15.0,0,2
Liquid_Dairy,2.3,1,3
Hard_Cheese,-2.3,0,34
Cooked_Meals,-1.6,1,2
Fruits,9.6,0,8
Hard_Cheese,-13.1,0,79
Meat_Poultry,-13.5,0,153
Cooked_Meals,3.5,1,2
Fruits,-7.1,0,15
Fermented_Dairy,16.6,0,3
Fruits,-4.3,0,13
Cooked_Meals,-11.1,0,95
Fermented_Dairy,6.5,1,8
Fruits,18.0,1,3
Fermented_Dairy,5.8,0,13
Fruits,-2.1,1,11
Cooked_Meals,16.0,0,1
Cooked_Meals,15.6,0,1
Fruits,-20.5,0,217
Meat_Poultry,18.5,1,1
Vegetables,-3.1,0,13
Liquid_Dairy,21.1,1,1
Hard_Cheese,22.3,0,7
Hard_Cheese,6.2,0,24
Fermented_Dairy,15.7,0,3
Cooked_Meals,8.5,1,1
Cooked_Meals,11.1,1,1
Fruits,12.2,0,5
Fruits,21.9,1,3
Fruits,4.0,1,11
Liquid_Dairy,24.1,1,1
Liquid_Dairy,-24.3,1,41
Liquid_Dairy,18.0,0,1
Vegetables,15.8,0,5
Cooked_Meals,8.5,0,3
Meat_Poultry,-9.6,1,3
Liquid_Dairy,-5.2,0,9
Hard_Cheese,-6.9,0,32
Cooked_Meals,-13.8,1,43
Hard_Cheese,6.6,0,23
Fermented_Dairy,-9.5,0,15
Vegetables,-21.5,1,123
Cooked_Meals,-7.2,0,3
Fruits,7.1,0,10
Meat_Poultry,24.4,1,1
Vegetables,21.9,0,6
Fruits,21.0,0,6
Cooked_Meals,-13.5,1,51
Cooked_Meals,14.5,1,1
Cooked_Meals,18.4,1,1
Vegetables,20.1,1,3
Hard_Cheese,24.6,1,3
Fermented_Dairy,15.2,1,1
Meat_Poultry,19.1,1,1
Fermented_Dairy,-1.4,1,9
Meat_Poultry,-14.0,1,98
Fermented_Dairy,18.1,1,1
Cooked_Meals,-21.9,1,51
Vegetables,11.9,1,4
Meat_Poultry,7.5,0,4
Fermented_Dairy,-23.8,1,43
Fermented_Dairy,-1.1,1,10
Vegetables,13.4,0,3
Vegetables,-17.5,0,251
Meat_Poultry,-12.8,1,96
Meat_Poultry,-15.7,1,96
Vegetables,-25.0,0,219
Vegetables,2.1,1,9
Fruits,-11.8,0,227
Meat_Poultry,-0.6,0,8
Liquid_Dairy,20.5,1,1
Vegetables,12.3,0,4
Cooked_Meals,-14.0,0,90
Vegetables,6.5,1,9
Meat_Poultry,-11.5,0,168
Cooked_Meals,6.3,0,3
Fermented_Dairy,-11.0,1,44
Vegetables,-18.4,0,267
Liquid_Dairy,23.3,0,1
Hard_Cheese,-16.0,1,51
Cooked_Meals,-10.6,0,98
Fruits,-7.5,0,14
Meat_Poultry,-4.9,1,3
Cooked_Meals,-21.0,1,44
Fruits,-19.9,0,226
Fermented_Dairy,-18.3,0,99
Fruits,4.4,0,12
Hard_Cheese,8.9,1,16
Cooked_Meals,12.4,1,1
Fermented_Dairy,16.1,1,1
Vegetables,-11.9,1,109
Fermented_Dairy,-6.7,1,10
Hard_Cheese,2.3,1,25
Fermented_Dairy,-13.0,1,42
Vegetables,-21.0,0,222
Vegetables,4.8,1,9
Fermented_Dairy,-16.4,1,42
Vegetables,-8.5,0,13
Liquid_Dairy,-23.9,1,43
Cooked_Meals,1.4,0,4
Liquid_Dairy,-19.2,1,42
Fermented_Dairy,19.1,0,3
Cooked_Meals,-2.5,0,4
Fruits,-20.8,1,127
Vegetables,-8.9,0,13
Cooked_Meals,24.2,1,1
Vegetables,-15.3,1,134
Liquid_Dairy,-1.3,1,3
Vegetables,-18.2,0,240
Meat_Poultry,24.8,1,1
Hard_Cheese,5.2,0,25
Fruits,20.9,1,3
Liquid_Dairy,23.4,1,1
Fermented_Dairy,-2.6,0,15
Cooked_Meals,22.3,0,1
Meat_Poultry,10.1,0,4
Meat_Poultry,-23.0,0,158
Hard_Cheese,-18.7,0,78
Meat_Poultry,-4.8,0,8
Cooked_Meals,0.4,0,5
Liquid_Dairy,8.9,0,6
Cooked_Meals,10.2,0,2
Fermented_Dairy,7.1,1,6
Meat_Poultry,20.8,1,1
Hard_Cheese,-7.1,1,25
Fruits,21.1,1,3
Meat_Poultry,-12.1,0,157
Cooked_Meals,6.0,1,1
Fruits,-19.1,1,125
Meat_Poultry,1.3,1,2
Hard_Cheese,23.0,1,3
Meat_Poultry,7.5,1,2
Liquid_Dairy,16.3,0,1
Cooked_Meals,18.1,1,1
Cooked_Meals,22.4,1,1
Cooked_Meals,-24.7,0,92
Cooked_Meals,-15.2,0,79
Fermented_Dairy,-5.0,0,16
Vegetables,20.7,1,3
Cooked_Meals,-14.1,1,43
Fermented_Dairy,-12.8,0,89
Fruits,14.1,0,3
Liquid_Dairy,19.8,1,1
Hard_Cheese,10.6,1,13
Meat_Poultry,-3.3,0,8
Vegetables,-8.7,1,9
Cooked_Meals,-8.3,0,4
Liquid_Dairy,-13.5,0,97
Fermented_Dairy,21.1,1,2
Hard_Cheese,20.2,0,6
Hard_Cheese,21.5,1,3
Cooked_Meals,12.9,1,1
Fruits,-21.5,1,119
Fruits,-18.1,1,132
Liquid_Dairy,11.8,1,1
Fermented_Dairy,-15.9,0,99
Liquid_Dairy,-9.5,0,10
Fruits,6.5,1,8
Meat_Poultry,-12.5,1,102
Cooked_Meals,23.7,0,1
Fermented_Dairy,-9.4,1,9
Fruits,-12.0,1,137
Fermented_Dairy,-8.0,0,16
Liquid_Dairy,-17.0,0,97
Hard_Cheese,18.8,1,3
Liquid_Dairy,9.6,0,6
Meat_Poultry,19.6,1,1
Vegetables,-18.3,0,231
Liquid_Dairy,4.7,1,3
Liquid_Dairy,13.2,1,1
Fermented_Dairy,12.7,0,4
Fruits,-23.6,0,251
Liquid_Dairy,15.0,0,2
Cooked_Meals,22.3,1,1
Cooked_Meals,-6.6,1,2
Liquid_Dairy,-1.8,0,9
Vegetables,-7.8,1,11
Hard_Cheese,5.2,1,23
Meat_Poultry,-14.1,1,97
Meat_Poultry,5.4,0,7
Hard_Cheese,1.9,1,25
Meat_Poultry,-21.0,1,77
Fruits,7.9,0,11
Liquid_Dairy,-14.8,1,48
Vegetables,-2.8,1,11
Liquid_Dairy,2.5,0,9
Vegetables,6.2,1,7
Cooked_Meals,2.3,0,3
Vegetables,5.2,0,14
Cooked_Meals,14.3,1,1
Fermented_Dairy,11.4,1,4
Meat_Poultry,-16.5,0,189
Vegetables,24.3,1,2
Cooked_Meals,11.9,0,1
Meat_Poultry,-13.4,1,93
Hard_Cheese,12.8,1,8
Meat_Poultry,-6.6,0,8
Hard_Cheese,23.9,0,6
Liquid_Dairy,22.6,1,1
Hard_Cheese,-15.8,0,96
Hard_Cheese,6.5,0,26
Fermented_Dairy,24.5,1,1
Liquid_Dairy,2.3,1,3
Liquid_Dairy,17.4,0,1
Fruits,-13.8,1,108
Vegetables,8.8,1,5
Hard_Cheese,-12.0,1,43
Fruits,-22.0,1,130
Cooked_Meals,-5.5,0,4
Cooked_Meals,-23.1,0,81
Liquid_Dairy,-16.5,1,49
Liquid_Dairy,23.9,1,1
Fruits,22.1,1,3
Hard_Cheese,-5.8,0,28
Liquid_Dairy,-1.3,1,3
Liquid_Dairy,12.5,0,3
Cooked_Meals,4.9,0,3
Cooked_Meals,-7.2,1,2
Hard_Cheese,21.9,0,5
Cooked_Meals,-14.3,0,95
Vegetables,19.3,0,6
Fruits,-3.2,0,13
Hard_Cheese,-22.8,1,39
Cooked_Meals,-23.4,0,85
Fruits,-22.3,1,132
Meat_Poultry,6.7,1,2
Vegetables,-19.4,1,129
Vegetables,-21.9,1,109
Liquid_Dairy,-3.2,1,3
Liquid_Dairy,21.0,1,1
Liquid_Dairy,-19.6,0,85
Vegetables,1.2,0,14
Liquid_Dairy,18.6,1,1
Meat_Poultry,-15.0,0,169
Hard_Cheese,-8.9,0,32
Fermented_Dairy,7.5,0,10
Vegetables,14.6,0,3
Fruits,-11.8,1,109
Meat_Poultry,-4.1,1,3
Liquid_Dairy,-21.6,0,88
Cooked_Meals,-20.0,0,81
Meat_Poultry,-3.0,0,7
Cooked_Meals,5.2,0,4
Liquid_Dairy,-18.5,1,50
Meat_Poultry,-19.1,1,81
Meat_Poultry,-4.0,0,7
Cooked_Meals,4.7,0,4
Fermented_Dairy,18.4,1,1
Hard_Cheese,0.5,1,25
Fermented_Dairy,-9.2,1,10
Meat_Poultry,7.1,1,2
Liquid_Dairy,2.3,0,10
Vegetables,5.8,1,8
Meat_Poultry,15.1,0,1
Cooked_Meals,-0.5,1,2
Hard_Cheese,-13.2,0,103
Meat_Poultry,-9.4,0,6
Meat_Poultry,4.3,1,3
Liquid_Dairy,-16.7,0,93
Vegetables,19.9,0,6
Liquid_Dairy,-18.3,1,44
Fruits,-1.1,0,15
Vegetables,-12.9,1,122
Meat_Poultry,7.4,0,5
Cooked_Meals,16.4,0,1
Meat_Poultry,15.1,0,1
Vegetables,12.4,1,3
Cooked_Meals,12.7,0,1
Meat_Poultry,-5.9,1,3
Fermented_Dairy,-24.8,0,96
Hard_Cheese,5.9,0,22
Liquid_Dairy,-23.0,0,95
Fruits,-3.2,1,9
Liquid_Dairy,-3.1,1,3
Meat_Poultry,2.1,1,3
Cooked_Meals,0.9,1,2
Fruits,6.3,0,12
Vegetables,24.3,1,3
Meat_Poultry,-11.8,0,159
Fermented_Dairy,9.3,1,5
Cooked_Meals,17.8,0,1
Fermented_Dairy,-15.3,0,86
Fermented_Dairy,15.5,1,1
Liquid_Dairy,-15.3,0,80
Vegetables,1.1,1,9
Hard_Cheese,18.1,1,3
Vegetables,23.7,0,6
Vegetables,-22.4,0,243
Fruits,-5.9,1,10
Fruits,4.4,0,13
Hard_Cheese,-17.0,1,42
Cooked_Meals,11.1,0,2
Vegetables,-2.6,1,10
Liquid_Dairy,-22.0,1,39
Vegetables,-8.2,0,12
Liquid_Dairy,7.5,1,2
Fruits,16.3,0,5
Fruits,-16.3,1,109
Fermented_Dairy,24.5,0,3
Liquid_Dairy,-0.8,0,10
Meat_Poultry,-9.6,1,3
Cooked_Meals,2.6,0,4
Meat_Poultry,-0.2,0,6
Liquid_Dairy,24.8,0,1
Fruits,17.0,0,6
Meat_Poultry,-1.2,1,3
Meat_Poultry,-8.7,0,7
Cooked_Meals,12.8,0,1
Cooked_Meals,-23.8,0,101
Meat_Poultry,24.3,0,1
Vegetables,-20.1,1,108
Hard_Cheese,13.9,0,6
Vegetables,-7.8,1,9
Fruits,22.9,1,3
Fruits,9.6,1,5
Vegetables,-24.7,0,251
Cooked_Meals,-9.7,0,4
Vegetables,-0.9,0,15
Vegetables,-21.1,0,249
Fermented_Dairy,23.4,0,3
Fermented_Dairy,2.2,1,9
Liquid_Dairy,-20.2,1,52
Cooked_Meals,20.9,0,1
Vegetables,24.2,0,5
Vegetables,23.6,0,6
Hard_Cheese,-9.4,1,25
Fermented_Dairy,4.4,0,12
Vegetables,-24.3,1,128
Fruits,14.3,0,3
Meat_Poultry,-10.9,0,203
Liquid_Dairy,-4.9,1,3
Cooked_Meals,3.0,0,4
Hard_Cheese,-11.1,1,47
Fruits,14.9,1,2
Cooked_Meals,-24.2,0,78
Vegetables,-7.5,1,9
Meat_Poultry,9.3,1,1
Hard_Cheese,16.2,1,3
Vegetables,16.5,1,3
Liquid_Dairy,-10.3,0,93
Liquid_Dairy,5.9,1,3
Fruits,19.0,1,3
Meat_Poultry,-20.0,0,182
Vegetables,-24.4,1,117
Vegetables,2.8,0,15
Fermented_Dairy,-16.0,0,80
Hard_Cheese,-20.3,0,77
Fermented_Dairy,-17.6,1,48
Meat_Poultry,-5.0,1,3
Meat_Poultry,-5.7,1,2
Liquid_Dairy,2.9,1,3
Liquid_Dairy,3.7,1,3
Hard_Cheese,-19.0,0,102
Meat_Poultry,5.9,1,2
Fermented_Dairy,4.3,1,10
Hard_Cheese,-23.1,1,48
Fermented_Dairy,-24.3,0,99
Vegetables,-18.9,0,230
Cooked_Meals,-18.7,1,49
Fermented_Dairy,20.3,0,3
Cooked_Meals,14.0,1,1
Fermented_Dairy,-7.8,0,15
Fruits,-2.1,1,9
Meat_Poultry,-20.5,0,180
Meat_Poultry,22.5,0,1
Fermented_Dairy,12.3,0,5
Hard_Cheese,-23.1,1,51
Vegetables,7.5,0,9
Fruits,14.3,1,2
Meat_Poultry,-6.4,1,3
Liquid_Dairy,-0.7,1,3
Cooked_Meals,-5.2,0,3
Vegetables,-2.8,0,15
Liquid_Dairy,21.7,0,1
Fermented_Dairy,7.8,1,7
Liquid_Dairy,9.8,0,5
Fruits,8.8,0,8
Hard_Cheese,6.7,1,24
Fruits,16.6,1,3
Hard_Cheese,-19.7,1,48
Fermented_Dairy,2.8,0,14
Fruits,-13.7,0,251
Hard_Cheese,-16.9,1,47
Liquid_Dairy,11.6,1,1
Fermented_Dairy,8.8,0,10
Vegetables,-9.3,1,9
Vegetables,20.0,1,3
Fermented_Dairy,8.3,0,9
Meat_Poultry,17.9,1,1
Fruits,5.1,0,14
Vegetables,17.9,1,2
Cooked_Meals,-24.9,1,40
Liquid_Dairy,2.9,1,3
Cooked_Meals,2.5,0,4
Meat_Poultry,10.0,1,2
Hard_Cheese,-14.3,1,41
Liquid_Dairy,22.5,0,1
Fruits,5.8,1,8
Fermented_Dairy,19.7,0,3
Hard_Cheese,17.4,1,3
Vegetables,-5.1,0,14
Fermented_Dairy,6.4,0,13
Fruits,-18.1,0,206
Fruits,-21.4,1,131
Fruits,2.2,1,11
Vegetables,-19.3,0,248
Liquid_Dairy,6.6,1,3
Vegetables,6.3,1,9
Hard_Cheese,22.9,0,6
Fruits,-4.6,0,14
Fruits,-23.2,0,222
Hard_Cheese,-16.0,0,100
Liquid_Dairy,5.2,1,3
Hard_Cheese,-24.5,0,80
Hard_Cheese,0.5,0,34
Fruits,20.2,1,3
Fruits,-13.0,1,112
Cooked_Meals,8.8,1,1
Cooked_Meals,3.8,1,2
Hard_Cheese,-20.0,0,78
Fruits,-4.6,1,11
Cooked_Meals,9.0,0,2
Cooked_Meals,19.0,0,1
Meat_Poultry,-2.8,1,2
Liquid_Dairy,1.3,1,3
Hard_Cheese,19.8,0,7
Hard_Cheese,-0.9,1,25
Cooked_Meals,-22.0,1,40
Cooked_Meals,-16.3,0,89
Vegetables,7.5,1,7
Fruits,-22.4,0,262
Cooked_Meals,-10.6,0,77
Cooked_Meals,17.2,0,1
Vegetables,17.3,1,3
Fruits,1.7,1,10
Cooked_Meals,7.5,1,1
Meat_Poultry,10.0,0,4
Fruits,-23.3,1,128
Vegetables,-16.4,0,250
Meat_Poultry,3.1,1,3
Fermented_Dairy,-22.3,0,98
Meat_Poultry,17.2,1,1
Cooked_Meals,13.5,0,1
Meat_Poultry,24.0,1,1
Liquid_Dairy,15.6,0,1
Fermented_Dairy,-15.6,0,80
Meat_Poultry,8.2,1,2
Liquid_Dairy,16.2,1,1
Cooked_Meals,13.1,0,1
Fruits,-15.0,1,134
Vegetables,18.8,0,6
Vegetables,-24.2,1,104
Hard_Cheese,-23.6,0,103
Fermented_Dairy,13.0,1,2
Meat_Poultry,16.5,0,1
Fruits,11.5,1,4
Liquid_Dairy,0.0,1,3
Vegetables,18.2,0,6
Cooked_Meals,23.5,1,1
Meat_Poultry,6.1,0,5
Fruits,-21.1,0,205
Cooked_Meals,-0.2,0,4
Liquid_Dairy,3.9,1,3
Vegetables,19.4,1,3
Cooked_Meals,17.7,0,1
Fruits,-1.9,1,9
Cooked_Meals,-7.1,1,2
Fruits,-6.6,0,13
Vegetables,21.6,0,6
Hard_Cheese,-4.4,1,31
Vegetables,-11.1,0,251
Meat_Poultry,-21.1,0,205
Fruits,1.8,1,10
Cooked_Meals,13.1,0,1
Meat_Poultry,-15.8,0,190
Fruits,-0.7,1,10
Fermented_Dairy,3.4,0,14
Liquid_Dairy,-4.7,1,3
Fermented_Dairy,11.2,0,6
Vegetables,-9.6,0,12
Fermented_Dairy,-23.7,0,90
Fruits,14.4,0,3
Liquid_Dairy,-7.2,1,3
Fruits,-16.5,1,106
Fermented_Dairy,-23.9,0,89
Vegetables,8.4,1,6
Vegetables,8.5,0,10
Fruits,19.6,1,2
Fruits,-1.7,0,15
Hard_Cheese,19.1,1,3
Fruits,0.9,0,13
Fermented_Dairy,-14.9,0,103
Fermented_Dairy,-22.7,0,86
Fruits,13.3,0,4
Liquid_Dairy,-6.5,1,3
Liquid_Dairy,-7.4,0,10
Meat_Poultry,17.1,0,1
Liquid_Dairy,2.7,0,10
Fermented_Dairy,19.6,0,3
Fruits,19.0,0,6
Vegetables,-11.1,1,115
Liquid_Dairy,-11.7,1,46
Cooked_Meals,-1.0,1,2
Meat_Poultry,1.9,1,3
Cooked_Meals,-11.6,1,43
Cooked_Meals,8.2,0,3
Fruits,1.7,0,14
Fruits,21.8,1,3
Cooked_Meals,-5.6,0,4
Hard_Cheese,-24.5,0,77
Vegetables,-13.7,1,123
Hard_Cheese,-3.9,1,26
Fruits,-4.8,1,11
Liquid_Dairy,4.4,1,3
Meat_Poultry,21.2,0,1
Hard_Cheese,-5.8,1,24
Meat_Poultry,22.0,1,1
Fermented_Dairy,5.0,1,8
Fermented_Dairy,-9.4,0,13
Fermented_Dairy,-19.8,0,94
Liquid_Dairy,-10.7,0,89
Cooked_Meals,-23.7,1,43
Vegetables,2.4,1,9
Liquid_Dairy,-22.8,1,49
Fermented_Dairy,-13.3,0,95
Fermented_Dairy,-19.9,0,87
Fruits,10.0,0,8
Hard_Cheese,10.2,0,13
Liquid_Dairy,-22.0,1,41
Liquid_Dairy,-11.3,0,98
Vegetables,-23.7,0,273
Fruits,-19.4,1,111
Cooked_Meals,2.6,0,4
Fruits,7.8,0,9
Meat_Poultry,7.3,0,5
Hard_Cheese,23.2,0,7
Vegetables,0.8,0,14
Liquid_Dairy,18.6,1,1
Fermented_Dairy,-18.5,0,86
Hard_Cheese,9.2,0,19
Meat_Poultry,-1.7,1,3
Meat_Poultry,14.4,1,1
Meat_Poultry,6.1,1,2
Vegetables,-23.1,1,104
Fermented_Dairy,8.9,0,8
Vegetables,-13.9,1,120
Meat_Poultry,-0.5,1,3
Fermented_Dairy,14.7,1,2
Vegetables,-3.3,0,13
Cooked_Meals,2.4,1,1
Fermented_Dairy,5.6,0,13
Meat_Poultry,-22.0,1,92
Fermented_Dairy,9.1,1,7
Hard_Cheese,16.5,1,3
Vegetables,-11.4,1,105
Liquid_Dairy,18.9,0,1
Fruits,19.7,0,5
Cooked_Meals,-8.3,0,4
Fruits,11.6,1,3
Fruits,-6.3,1,9
Liquid_Dairy,7.8,0,8
Fruits,-9.4,0,13
Vegetables,8.5,0,9
Vegetables,-13.3,0,266
Liquid_Dairy,-9.8,0,11
Meat_Poultry,5.1,0,6
Cooked_Meals,14.5,1,1
Vegetables,11.3,0,5
Hard_Cheese,14.7,0,7
Fermented_Dairy,-17.7,1,52
Hard_Cheese,-11.3,1,46
Vegetables,14.2,0,3
Hard_Cheese,-5.0,1,27
Fermented_Dairy,-1.8,1,9
Fruits,3.1,0,13
Cooked_Meals,18.5,0,1
Vegetables,1.9,1,10
Hard_Cheese,-5.8,1,27
Fruits,14.6,1,2
Liquid_Dairy,-24.4,1,50
Hard_Cheese,21.6,1,3
Cooked_Meals,-7.4,1,2
Cooked_Meals,17.0,0,1
Liquid_Dairy,-24.2,1,49
Meat_Poultry,-19.4,0,196
Fruits,-10.6,1,127
Hard_Cheese,7.9,0,23
Cooked_Meals,23.9,0,1
Fruits,-3.3,0,14
Meat_Poultry,13.2,1,1
Vegetables,-4.7,0,12
Meat_Poultry,-19.9,0,192
Cooked_Meals,-2.0,0,4
Fruits,2.0,1,10
Fermented_Dairy,4.4,1,9
Vegetables,23.7,0,5
Meat_Poultry,-18.6,0,195
Fermented_Dairy,24.0,1,1
Vegetables,20.1,0,5
Liquid_Dairy,24.9,0,1
Fermented_Dairy,-0.6,1,11
Vegetables,23.4,0,6
Fermented_Dairy,2.8,0,16
Vegetables,-15.8,1,129
Meat_Poultry,4.7,0,6
Fruits,3.6,0,15
Fruits,24.3,1,3
Liquid_Dairy,-11.5,1,43
Vegetables,6.4,1,8
Fermented_Dairy,22.7,1,1
Fermented_Dairy,20.5,0,2
Fruits,8.6,1,6
Hard_Cheese,10.6,0,12
Fruits,16.2,0,6
Cooked_Meals,19.7,1,1
Liquid_Dairy,23.1,1,1
Hard_Cheese,-11.7,0,93
Vegetables,24.8,0,6
Fruits,-21.3,1,137
Meat_Poultry,19.1,0,1
Fruits,15.1,0,5
Meat_Poultry,20.6,1,1
Vegetables,7.0,1,7
Vegetables,13.7,1,2
Fermented_Dairy,-13.4,0,86
Fruits,17.7,0,5
Fermented_Dairy,-11.6,1,39
Meat_Poultry,17.2,0,1
Fermented_Dairy,-9.8,1,11
Hard_Cheese,1.0,0,33
Fermented_Dairy,0.5,0,14
Vegetables,14.6,1,2
Cooked_Meals,11.3,1,1
Fermented_Dairy,-12.3,0,91
Cooked_Meals,-6.1,1,2
Fermented_Dairy,0.8,1,11
Vegetables,8.7,0,10
Fruits,20.8,0,6
Hard_Cheese,-16.6,0,79
Meat_Poultry,-8.8,0,6
Vegetables,-12.6,0,216
Vegetables,-8.6,1,9
Fruits,7.1,1,8
Fermented_Dairy,-12.3,0,88
Liquid_Dairy,10.4,1,1
Fermented_Dairy,22.0,1,1
Meat_Poultry,8.3,1,2
Vegetables,-10.3,1,129
Fruits,-9.9,0,14
Cooked_Meals,-20.9,1,49
Cooked_Meals,-24.3,1,43
Vegetables,11.1,0,6
Cooked_Meals,8.8,1,1
Fermented_Dairy,21.7,0,3
Vegetables,9.8,0,6
Fruits,11.1,1,4
Hard_Cheese,12.3,1,10
Hard_Cheese,-17.9,1,44
Fruits,-16.2,1,117
Liquid_Dairy,2.4,1,3
Hard_Cheese,-19.3,1,39
Hard_Cheese,9.3,1,14
Fermented_Dairy,-20.4,1,42
Cooked_Meals,-20.1,1,51
Fermented_Dairy,9.9,0,8
Fermented_Dairy,-0.5,0,13
Cooked_Meals,-11.2,0,81
Meat_Poultry,1.1,1,3
Vegetables,-19.2,0,275
Vegetables,-7.8,0,15
Liquid_Dairy,17.2,1,1
Hard_Cheese,3.4,1,24
Hard_Cheese,-10.1,1,42
Hard_Cheese,10.2,0,17
Vegetables,-17.1,0,227
Hard_Cheese,-18.6,0,91
Hard_Cheese,13.5,0,8
Fruits,-18.5,0,244
Cooked_Meals,16.9,1,1
Fruits,-20.9,1,124
Liquid_Dairy,-4.7,1,3
Vegetables,-14.3,0,222
Meat_Poultry,19.8,1,1
Fermented_Dairy,-19.5,1,47
Meat_Poultry,6.9,1,2
Vegetables,4.4,1,8
Fruits,-0.2,0,14
Hard_Cheese,23.2,0,5
Cooked_Meals,8.6,0,3
Fermented_Dairy,17.0,0,3
Vegetables,19.6,0,5
Liquid_Dairy,24.7,1,1
Meat_Poultry,-4.2,1,2
Liquid_Dairy,11.0,1,1
Fermented_Dairy,-13.7,0,85
Vegetables,-4.3,0,12
Meat_Poultry,15.5,1,1
Meat_Poultry,-16.7,1,98
Fruits,-22.8,1,127
Fermented_Dairy,-0.8,0,13
Vegetables,20.7,0,5
Cooked_Meals,18.7,0,1
Hard_Cheese,-18.0,0,79
Liquid_Dairy,18.2,0,1
Vegetables,-6.7,0,13
Hard_Cheese,-16.3,0,79
Meat_Poultry,15.9,0,1
Vegetables,-22.0,1,113
Fruits,-7.7,0,16
Meat_Poultry,-0.9,0,6
Meat_Poultry,-15.0,1,84
Vegetables,2.5,1,11
Fruits,-7.1,1,9
Cooked_Meals,19.2,1,1
Hard_Cheese,-7.6,0,33
Liquid_Dairy,-21.8,0,77
Fruits,-14.2,1,120
Fermented_Dairy,-2.5,0,13
Fermented_Dairy,-13.2,0,92
Vegetables,-19.4,0,238
Fermented_Dairy,-15.8,0,85
Vegetables,-20.8,0,227
Vegetables,23.4,0,6
Cooked_Meals,6.7,1,1
Liquid_Dairy,22.0,0,1
Liquid_Dairy,-19.6,0,96
Meat_Poultry,-3.6,1,3
Cooked_Meals,21.3,1,1
Cooked_Meals,1.8,0,4
Meat_Poultry,0.3,0,7
Meat_Poultry,0.2,1,3
Fermented_Dairy,-0.1,1,10
Fermented_Dairy,21.9,0,3
Vegetables,2.4,0,14
Liquid_Dairy,-9.9,0,11
Cooked_Meals,7.9,0,2
Liquid_Dairy,-11.3,1,43
Fruits,-9.7,1,10
Fruits,23.7,1,3
Hard_Cheese,-10.7,1,44
Vegetables,-4.2,0,14
Fruits,3.9,1,11
Vegetables,-0.9,0,13
Vegetables,7.4,1,7
Meat_Poultry,19.2,0,1
Meat_Poultry,19.2,1,1
Cooked_Meals,-2.7,0,4
Hard_Cheese,14.1,1,5
Fruits,-5.4,1,10
Cooked_Meals,19.0,1,1
Meat_Poultry,14.4,0,1
Fermented_Dairy,-24.6,1,40
Vegetables,18.8,0,6
Vegetables,-13.5,0,241
Liquid_Dairy,-12.4,0,82
Meat_Poultry,-11.9,1,97
Cooked_Meals,16.0,0,1
Fermented_Dairy,4.5,1,8
Fruits,-24.9,1,121
Hard_Cheese,-1.2,0,34
Liquid_Dairy,-5.5,1,3
Cooked_Meals,-24.7,0,77
Liquid_Dairy,3.7,1,3
Fermented_Dairy,-2.0,0,16
Vegetables,18.4,1,3
Fruits,-21.1,1,130
Fruits,-0.4,1,10
Liquid_Dairy,-1.1,1,3
Vegetables,14.7,0,3
Hard_Cheese,-9.2,1,26
Vegetables,0.1,0,16
Meat_Poultry,-13.8,1,90
Fermented_Dairy,16.4,0,3
Liquid_Dairy,4.5,1,3
Cooked_Meals,-13.5,1,49
Meat_Poultry,-23.1,1,83
Fruits,0.2,0,13
Vegetables,7.3,0,9
Fruits,-7.9,1,11
Cooked_Meals,-24.9,1,40
Fruits,-9.8,0,16
Meat_Poultry,12.5,1,1
Cooked_Meals,-19.7,1,45
Liquid_Dairy,-11.5,0,80
Fruits,21.6,0,6
Vegetables,-5.4,0,15
Fruits,23.1,1,3
Cooked_Meals,-18.5,1,40
Liquid_Dairy,-24.2,1,38
Cooked_Meals,-8.8,0,5
Hard_Cheese,-20.6,1,39
Hard_Cheese,-13.0,1,47
Hard_Cheese,-11.9,1,47
Fermented_Dairy,-8.0,0,16
Meat_Poultry,24.7,1,1
Fruits,1.4,0,12
Liquid_Dairy,16.7,1,1
Meat_Poultry,20.9,1,1
Meat_Poultry,11.9,0,3
Cooked_Meals,0.9,1,2
Fermented_Dairy,-9.5,1,9
Fruits,-12.9,1,130
Meat_Poultry,-15.1,0,198
Cooked_Meals,23.4,0,1
Fermented_Dairy,-11.5,0,85
Liquid_Dairy,2.6,0,10
Fermented_Dairy,-6.6,1,11
Cooked_Meals,3.0,1,2
Cooked_Meals,21.1,1,1
Hard_Cheese,-18.4,0,98
Meat_Poultry,-14.2,0,206
Fermented_Dairy,4.4,0,14
Meat_Poultry,-15.3,0,197
Liquid_Dairy,-23.1,1,48
Vegetables,-18.1,0,224
Liquid_Dairy,-12.4,0,94
Fermented_Dairy,-13.4,0,94
Cooked_Meals,-8.8,0,4
Hard_Cheese,-11.4,1,41
Vegetables,10.6,1,4
Liquid_Dairy,5.5,1,3
Fruits,-23.7,0,259
Meat_Poultry,2.7,0,7
Vegetables,1.7,0,13
Hard_Cheese,21.7,1,3
Liquid_Dairy,-20.4,0,95
Fermented_Dairy,0.5,1,9
Fermented_Dairy,1.0,0,12
Hard_Cheese,15.1,0,5
Fruits,10.0,1,5
Meat_Poultry,17.5,1,1
Vegetables,-16.3,0,233
Vegetables,1.1,0,14
Vegetables,12.0,1,3
Meat_Poultry,13.6,0,1
Fermented_Dairy,4.7,1,8
Vegetables,12.5,0,4
Fermented_Dairy,8.6,1,6
Vegetables,-6.1,1,9
Hard_Cheese,8.6,1,17
Hard_Cheese,7.1,1,20
Meat_Poultry,20.5,0,1
Hard_Cheese,-12.3,1,42
Fruits,-12.5,0,257
Liquid_Dairy,22.1,0,1
Hard_Cheese,14.3,0,5
Fermented_Dairy,-6.9,1,9
Liquid_Dairy,14.5,0,2
Liquid_Dairy,3.3,0,10
Meat_Poultry,3.3,0,7
Liquid_Dairy,23.2,0,1
Fermented_Dairy,-7.2,1,11
Fruits,21.7,0,6
Cooked_Meals,16.9,1,1
Fermented_Dairy,-20.4,0,97
Fermented_Dairy,-20.5,0,97
Cooked_Meals,18.4,0,1
Meat_Poultry,-23.9,0,192
Meat_Poultry,18.6,0,1
Fermented_Dairy,7.1,1,8
Fruits,13.9,1,2
Cooked_Meals,18.6,1,1
Liquid_Dairy,-5.2,0,9
Fruits,13.3,1,3
Cooked_Meals,-5.4,1,1
Fruits,-18.1,0,213
Liquid_Dairy,15.8,1,1
Meat_Poultry,-6.4,1,3
Vegetables,-20.2,0,256
Hard_Cheese,-13.2,1,38
Vegetables,-9.6,1,11
Cooked_Meals,1.4,1,1
Liquid_Dairy,-16.9,1,51
Fruits,-17.2,0,247
Liquid_Dairy,8.8,0,5
Vegetables,-9.7,1,11
Liquid_Dairy,20.1,0,1
Fruits,-22.9,1,103
Fruits,14.3,1,2
Vegetables,-18.8,1,109
Cooked_Meals,-10.6,1,52
Hard_Cheese,-3.0,0,33
Cooked_Meals,-5.7,1,2
Hard_Cheese,24.5,0,7
Hard_Cheese,-6.0,1,28
Cooked_Meals,17.5,1,1
Fruits,-16.7,1,138
Cooked_Meals,-9.0,0,5
Hard_Cheese,-7.4,0,31
Liquid_Dairy,-17.4,0,98
Fermented_Dairy,-1.5,1,10
Liquid_Dairy,20.1,1,1
Fermented_Dairy,-17.9,1,43
Liquid_Dairy,12.8,1,1
Hard_Cheese,-3.8,1,26
Fruits,0.8,0,15
Liquid_Dairy,-17.7,1,39
Liquid_Dairy,20.7,1,1
Meat_Poultry,-17.5,0,198
Cooked_Meals,3.6,0,5
Fermented_Dairy,4.3,0,15
Fruits,-0.8,0,14
Liquid_Dairy,-10.7,0,86
Meat_Poultry,8.9,0,4
Fermented_Dairy,-12.1,1,40
Vegetables,9.8,1,5
Vegetables,17.7,0,5
Liquid_Dairy,-20.2,1,46
Fruits,20.1,0,5
Liquid_Dairy,12.7,0,3
Liquid_Dairy,-4.8,0,11
Meat_Poultry,0.2,1,3
Cooked_Meals,-1.1,1,2
Liquid_Dairy,11.8,0,4
Fermented_Dairy,-8.0,1,10
Cooked_Meals,13.3,1,1
Hard_Cheese,9.2,0,18
Cooked_Meals,-1.2,1,2
Fermented_Dairy,-12.5,0,89
Fermented_Dairy,13.0,0,4
Fruits,-6.8,0,14
Meat_Poultry,-14.0,0,184
Fermented_Dairy,-10.2,1,47
Meat_Poultry,-9.1,1,3
Cooked_Meals,22.9,0,1
Hard_Cheese,-0.6,0,30
Fermented_Dairy,-22.5,0,91
Fruits,-4.3,0,12
Hard_Cheese,16.8,0,5
Meat_Poultry,-20.4,0,201
Liquid_Dairy,-9.6,1,3
Meat_Poultry,-21.1,0,177
Hard_Cheese,-6.3,1,28
Vegetables,9.4,0,8
Vegetables,4.6,1,10
Liquid_Dairy,-12.6,1,39
Hard_Cheese,-15.6,0,96
Vegetables,10.8,1,4
Fermented_Dairy,23.8,0,2
Cooked_Meals,17.9,0,1
Meat_Poultry,16.2,0,1
Fermented_Dairy,15.8,1,1
Fermented_Dairy,-9.5,1,10
Vegetables,20.8,0,5
Meat_Poultry,4.6,1,2
Vegetables,19.2,1,2
Meat_Poultry,-24.8,0,195
Meat_Poultry,3.0,1,3
Fruits,-23.8,1,111
Liquid_Dairy,-15.7,1,42
Hard_Cheese,6.4,0,26
Fruits,25.0,0,6
Fruits,7.4,0,11
Hard_Cheese,18.9,0,6
Cooked_Meals,6.5,1,1
Hard_Cheese,-8.6,0,27
Cooked_Meals,-18.4,1,44
Meat_Poultry,21.5,0,1
Hard_Cheese,-1.8,0,28
Cooked_Meals,5.8,0,4
Fruits,-16.4,1,110
Liquid_Dairy,16.2,1,1
Vegetables,23.4,0,5
Meat_Poultry,-6.3,1,2
Fruits,10.8,1,4
Fruits,3.5,0,15
Fruits,-16.7,0,255
Fruits,14.9,0,2
Hard_Cheese,16.0,1,3
Fermented_Dairy,6.3,1,9
Cooked_Meals,-15.6,0,82
Hard_Cheese,2.7,0,33
Hard_Cheese,-6.9,1,30
Liquid_Dairy,13.0,0,3
Fermented_Dairy,3.8,0,12
Vegetables,22.8,0,6
Meat_Poultry,15.3,0,1
Vegetables,-8.2,1,10
Cooked_Meals,16.4,0,1
Meat_Poultry,-11.0,1,88
Cooked_Meals,-21.5,0,99
Vegetables,2.6,0,13
Hard_Cheese,-0.3,0,31
Fruits,21.6,0,6
Fermented_Dairy,-13.9,1,50
Meat_Poultry,1.9,0,7
Fruits,20.2,1,3
Meat_Poultry,13.3,1,1
Fruits,10.5,1,4
Fruits,4.8,0,11
Cooked_Meals,8.1,0,3
Cooked_Meals,3.7,0,4
Fruits,-19.1,0,257
Hard_Cheese,24.4,1,3
Hard_Cheese,-20.7,0,99
Liquid_Dairy,23.9,0,1
Liquid_Dairy,16.9,0,1
Vegetables,14.2,1,2
Fermented_Dairy,14.7,1,2
Fruits,-13.5,0,224
Fruits,24.2,1,3
Fermented_Dairy,19.7,1,2
Vegetables,-4.2,0,14
Meat_Poultry,14.7,1,1
Liquid_Dairy,17.1,0,1
Vegetables,14.0,1,2
Liquid_Dairy,-19.9,1,49
Vegetables,-3.7,1,9
Hard_Cheese,22.4,0,6
Hard_Cheese,-1.7,0,31
Liquid_Dairy,-10.3,0,90
Fermented_Dairy,-10.0,0,96
Cooked_Meals,5.9,0,3
Vegetables,0.8,1,11
Vegetables,2.3,1,10
Liquid_Dairy,9.0,1,2
Vegetables,-22.1,0,221
Fruits,-5.1,1,10
Fermented_Dairy,6.3,1,7
Liquid_Dairy,17.5,0,1
Vegetables,6.0,0,13
Hard_Cheese,16.0,1,3
Meat_Poultry,-4.6,0,7
Hard_Cheese,-14.1,1,50
Meat_Poultry,14.7,0,1
Vegetables,0.3,1,11
Hard_Cheese,11.6,1,11
Fermented_Dairy,-6.9,1,10
Liquid_Dairy,-18.4,1,48
Liquid_Dairy,-19.3,0,98
Vegetables,10.4,0,6
Hard_Cheese,1.9,1,27
Fruits,-14.0,1,118
Fermented_Dairy,2.6,1,10
Fruits,16.7,0,6
Cooked_Meals,18.1,0,1
Fermented_Dairy,-13.4,0,89
Liquid_Dairy,-0.5,1,3
Vegetables,11.0,1,4
Fermented_Dairy,-9.5,1,9
Fermented_Dairy,-13.0,1,51
Meat_Poultry,-10.6,0,155
Meat_Poultry,4.4,0,7
Cooked_Meals,9.2,1,1
Liquid_Dairy,-6.9,1,3
Meat_Poultry,-17.4,0,176
Hard_Cheese,-12.5,1,43
Fermented_Dairy,7.5,0,11
Fruits,15.0,1,2
Hard_Cheese,-6.0,0,31
Cooked_Meals,20.0,1,1
Vegetables,-6.2,0,14
Cooked_Meals,-17.9,0,88
Fruits,-15.1,1,125
Liquid_Dairy,-15.4,0,79
Cooked_Meals,6.5,1,1
Fruits,-18.3,0,221
Liquid_Dairy,21.2,0,1
Cooked_Meals,-13.5,0,93
Meat_Poultry,3.3,1,3
Hard_Cheese,-8.5,0,27
Liquid_Dairy,-23.6,0,78
Meat_Poultry,-14.6,1,79
Liquid_Dairy,1.9,0,9
Cooked_Meals,12.8,0,1
Fermented_Dairy,23.3,0,2
Vegetables,20.6,0,6
Hard_Cheese,-14.9,1,39
Meat_Poultry,-18.9,1,82
Liquid_Dairy,3.2,1,3
Fruits,19.3,1,3
Fermented_Dairy,-7.2,1,11
Meat_Poultry,5.2,1,3
Fruits,6.4,1,7
Hard_Cheese,0.9,0,34
Cooked_Meals,-15.0,1,39
Vegetables,-17.9,1,136
Meat_Poultry,21.6,1,1
Liquid_Dairy,-15.8,0,84
Meat_Poultry,-13.4,0,168
Vegetables,13.4,1,2
Meat_Poultry,11.3,1,1
Meat_Poultry,15.3,1,1
Vegetables,23.0,1,2
Fermented_Dairy,13.6,0,3
Hard_Cheese,-1.0,0,32
Hard_Cheese,-0.9,0,34
Meat_Poultry,19.5,1,1
Fruits,11.1,0,7
Fruits,7.6,1,8
Liquid_Dairy,-0.6,0,9
Hard_Cheese,-8.1,0,34
Liquid_Dairy,24.4,0,1
Fruits,0.2,1,10
Hard_Cheese,-1.4,1,25
Liquid_Dairy,1.4,0,11
Liquid_Dairy,21.1,0,1
Fermented_Dairy,-17.9,1,50
Fruits,-16.0,0,212
Liquid_Dairy,-19.4,1,46
Hard_Cheese,23.6,0,6
Hard_Cheese,-23.1,0,96
Cooked_Meals,24.0,1,1
Meat_Poultry,-8.2,1,3
Hard_Cheese,-9.8,1,30
Fermented_Dairy,-23.9,0,97
Fruits,-0.1,1,9
Hard_Cheese,-15.4,0,89
Hard_Cheese,-24.1,1,44
Liquid_Dairy,-17.6,0,95
Liquid_Dairy,-16.1,1,49
Cooked_Meals,-14.8,0,82
Vegetables,20.4,1,3
Meat_Poultry,1.0,1,3
Fermented_Dairy,-6.0,1,9
Hard_Cheese,17.9,0,6
Hard_Cheese,24.2,0,5
Liquid_Dairy,17.9,1,1
Liquid_Dairy,2.1,1,3
Liquid_Dairy,-24.6,1,51
Meat_Poultry,21.7,1,1
Fermented_Dairy,-3.8,1,9
Fruits,5.7,1,9
Vegetables,-17.8,0,240
Liquid_Dairy,-1.3,1,3
Hard_Cheese,5.4,0,28
Fruits,6.1,1,8
Hard_Cheese,-9.5,0,26
Hard_Cheese,25.0,0,6
Fermented_Dairy,6.4,1,7
Hard_Cheese,4.1,0,30
Liquid_Dairy,14.9,1,1
Vegetables,8.1,1,7
Fermented_Dairy,3.4,1,9
Fermented_Dairy,-15.8,0,84
Cooked_Meals,-12.6,1,46
Cooked_Meals,-13.5,0,85
Liquid_Dairy,10.2,1,1
Liquid_Dairy,12.6,1,1
Liquid_Dairy,-23.5,0,97
Hard_Cheese,-5.4,0,29
Hard_Cheese,-8.2,0,29
Fermented_Dairy,-11.8,1,42
Vegetables,-19.5,0,215
Fruits,-21.3,1,115
Fruits,-10.7,0,207
Liquid_Dairy,24.4,0,1
Liquid_Dairy,-6.6,0,11
Vegetables,23.0,0,6
Fermented_Dairy,-10.3,0,80
Meat_Poultry,12.8,1,1
Liquid_Dairy,5.0,0,10
Liquid_Dairy,-17.3,0,85
Liquid_Dairy,-5.6,1,3
Meat_Poultry,-3.9,0,8
Vegetables,6.7,0,12
Fruits,15.9,0,5
Fruits,1.6,1,9
Vegetables,4.1,1,9
Hard_Cheese,-12.7,0,79
Vegetables,-18.4,1,133
Vegetables,-2.9,0,15
Fruits,3.1,1,8
Fruits,17.3,0,5
Fermented_Dairy,5.6,1,9
Hard_Cheese,0.7,1,29
Fermented_Dairy,-5.6,0,16
Fermented_Dairy,-1.7,1,11
Meat_Poultry,10.3,1,1
Liquid_Dairy,-23.2,0,83
Vegetables,19.9,0,6
Liquid_Dairy,-22.5,1,51
Hard_Cheese,12.0,1,9
Liquid_Dairy,-15.2,0,94
Vegetables,-4.1,0,12
Vegetables,-13.2,0,270
Hard_Cheese,3.4,1,29
Liquid_Dairy,-10.7,0,89
Vegetables,-16.7,0,252
Vegetables,13.4,1,3
Fermented_Dairy,-8.7,1,8
Liquid_Dairy,13.3,0,2
Meat_Poultry,14.8,1,1
Hard_Cheese,-12.5,0,89
Fruits,-9.0,1,11
Cooked_Meals,-24.1,1,49
Cooked_Meals,10.9,0,2
Hard_Cheese,2.2,1,30
Hard_Cheese,-12.3,1,48
Liquid_Dairy,6.5,0,8
Fermented_Dairy,-2.1,0,13
Liquid_Dairy,-5.0,0,9
Fruits,-18.1,0,239
Fermented_Dairy,-8.7,0,15
Vegetables,7.2,0,12
Vegetables,-19.5,0,236
Meat_Poultry,-1.8,0,7
Vegetables,20.9,0,6
Hard_Cheese,-20.5,0,85
Liquid_Dairy,5.2,0,8
Liquid_Dairy,8.2,0,6
Vegetables,11.4,1,4
Cooked_Meals,18.0,1,1
Liquid_Dairy,-2.4,1,3
Fermented_Dairy,6.0,1,7
Fruits,1.3,1,10
Fermented_Dairy,-16.6,1,49
Fruits,15.3,0,5
Vegetables,-18.9,0,205
Fruits,8.5,0,8
Liquid_Dairy,-7.5,1,3
Meat_Poultry,-22.8,1,83
Liquid_Dairy,11.6,0,4
Fermented_Dairy,-11.6,0,86
Meat_Poultry,-4.4,0,7
Fermented_Dairy,18.5,1,1
Vegetables,24.4,0,6
Meat_Poultry,20.3,0,1
Vegetables,13.5,0,4
Vegetables,-19.0,0,215
Fermented_Dairy,14.0,0,3
Fermented_Dairy,-4.8,1,10
Hard_Cheese,6.7,1,22
Vegetables,-20.7,1,125
Vegetables,5.4,0,12
Cooked_Meals,-14.6,1,42
Fermented_Dairy,-13.1,0,103
Vegetables,-12.2,1,131
Liquid_Dairy,18.2,0,1
Liquid_Dairy,-0.4,0,9
Hard_Cheese,-23.2,0,78
Hard_Cheese,-23.0,1,52
Hard_Cheese,24.5,1,3
Liquid_Dairy,-6.0,0,11
Cooked_Meals,-1.3,1,2
Hard_Cheese,-10.8,1,47
Vegetables,18.2,0,6
Vegetables,-19.1,0,245
Cooked_Meals,0.9,1,2
Hard_Cheese,24.6,1,3
Hard_Cheese,22.7,0,7
Liquid_Dairy,2.9,1,3
Cooked_Meals,-16.1,0,90
Cooked_Meals,-16.6,1,48
Meat_Poultry,-6.3,0,6
Cooked_Meals,-22.8,1,46
Liquid_Dairy,-22.5,1,39
Liquid_Dairy,16.1,0,1
Fruits,-1.6,1,9
Meat_Poultry,1.5,1,3
Cooked_Meals,-13.2,1,39
Hard_Cheese,5.6,1,21
Liquid_Dairy,-9.8,1,3
Liquid_Dairy,-10.9,1,40
Cooked_Meals,-15.9,0,83
Cooked_Meals,-10.6,1,39
Fruits,-19.8,0,265
Fruits,-15.2,1,126
Cooked_Meals,-8.9,1,1
Meat_Poultry,13.9,0,1
Hard_Cheese,-18.8,1,42
Meat_Poultry,14.6,0,1
Cooked_Meals,4.6,1,2
Fruits,15.3,0,6
Fermented_Dairy,-21.3,1,44
Fermented_Dairy,-15.5,0,99
Fruits,15.6,1,3
Meat_Poultry,-2.3,0,7
Meat_Poultry,15.7,0,1
Fruits,-1.2,1,9
Liquid_Dairy,-11.3,1,44
Hard_Cheese,24.0,0,6
Cooked_Meals,-12.4,1,43
Hard_Cheese,-21.6,1,39
Liquid_Dairy,-11.0,0,97
Liquid_Dairy,-21.7,1,46
Fermented_Dairy,-8.3,0,15
Fruits,-8.5,1,8
Vegetables,-17.5,0,233
Meat_Poultry,10.8,1,1
Hard_Cheese,-8.9,1,23
Hard_Cheese,12.4,1,10
Cooked_Meals,-5.7,0,4
Meat_Poultry,-0.2,0,8
Hard_Cheese,-5.2,0,33
Cooked_Meals,-4.1,1,2
Hard_Cheese,15.9,0,6
Vegetables,-15.1,0,218
Fruits,-20.3,1,132
Hard_Cheese,22.7,0,7
Cooked_Meals,20.7,1,1
Vegetables,-1.6,0,13
Meat_Poultry,13.5,1,1
Fermented_Dairy,-20.3,1,50
Vegetables,12.9,1,3
Vegetables,3.3,1,9
Vegetables,0.5,1,10
Cooked_Meals,-8.5,1,1
Hard_Cheese,-7.5,0,30
Cooked_Meals,16.6,0,1
Fruits,10.7,0,6
Meat_Poultry,-12.4,1,86
Hard_Cheese,3.7,0,34
Fermented_Dairy,-17.6,0,97
Fermented_Dairy,-18.9,1,41
Fermented_Dairy,1.5,0,12
Fruits,-20.7,0,258
Fermented_Dairy,5.9,0,12
Cooked_Meals,-1.7,1,1
Hard_Cheese,9.1,0,17
Vegetables,7.7,0,11
Hard_Cheese,-7.7,0,26
Liquid_Dairy,2.1,0,10
Vegetables,22.7,1,3
Meat_Poultry,-22.6,1,79
Liquid_Dairy,-20.4,0,82
Cooked_Meals,-3.9,1,2
Vegetables,-14.5,1,104
Meat_Poultry,19.1,1,1
Fermented_Dairy,-13.5,0,78
Fruits,18.3,1,3
Vegetables,0.7,0,12
Meat_Poultry,21.0,1,1
Fruits,0.2,1,9
Liquid_Dairy,-9.6,0,10
Fermented_Dairy,-19.2,0,84
Meat_Poultry,24.9,1,1
Meat_Poultry,-19.3,1,81
Hard_Cheese,-13.5,0,92
Vegetables,-16.4,0,213
Liquid_Dairy,19.4,1,1
Hard_Cheese,7.2,1,21
Fruits,10.9,0,6
Cooked_Meals,-24.5,0,85
Cooked_Meals,13.0,0,1
Vegetables,-7.8,0,14
Cooked_Meals,3.4,1,1
Vegetables,13.1,1,3
Meat_Poultry,-12.7,0,175
Vegetables,-20.8,1,131
Cooked_Meals,17.5,1,1
Fermented_Dairy,-7.8,0,16
Fruits,2.7,1,11
Liquid_Dairy,3.1,1,3
Cooked_Meals,13.6,1,1
Hard_Cheese,-20.2,0,80
Meat_Poultry,-2.4,1,3
Cooked_Meals,-6.5,1,2
Fermented_Dairy,18.8,0,3
Meat_Poultry,7.8,0,4
Cooked_Meals,-4.3,0,3
Meat_Poultry,-22.2,0,183
Vegetables,2.2,1,11
Meat_Poultry,-21.6,1,96
Fermented_Dairy,22.5,1,1
Cooked_Meals,-17.8,0,78
Vegetables,-22.6,0,218
Fruits,-11.2,0,266
Meat_Poultry,-6.2,0,6
Fermented_Dairy,-22.3,0,82
Hard_Cheese,-16.1,1,51
Meat_Poultry,-3.8,0,7
Fruits,-21.8,1,126
Liquid_Dairy,14.1,0,2
Fermented_Dairy,-17.4,0,95
Fruits,3.6,0,13
Fruits,-7.4,0,15
Liquid_Dairy,13.3,0,2
Fruits,-6.8,1,11
Vegetables,-17.8,0,225
Fermented_Dairy,10.0,1,5
Meat_Poultry,-7.8,1,3
Meat_Poultry,-10.5,1,82
Liquid_Dairy,13.8,0,2
Meat_Poultry,5.0,0,6
Vegetables,16.7,0,5
Hard_Cheese,13.2,0,8
Hard_Cheese,-19.2,1,43
Hard_Cheese,-8.0,1,29
Cooked_Meals,-11.7,0,92
Liquid_Dairy,-10.6,1,50
Hard_Cheese,-6.0,0,31
Cooked_Meals,8.1,1,1
Meat_Poultry,9.2,0,4
Vegetables,16.6,0,6
Fermented_Dairy,-10.1,1,43
Hard_Cheese,17.7,1,3
Liquid_Dairy,-14.8,1,47
Fermented_Dairy,16.3,1,1
Liquid_Dairy,-20.8,1,44
Meat_Poultry,18.6,0,1
